CREATE TABLE IF NOT EXISTS "auth_group" ("id" integer NOT NULL PRIMARY KEY AUTOINCREMENT, "name" varchar(150) NOT NULL UNIQUE);
CREATE UNIQUE INDEX "auth_group_permissions_group_id_permission_id_0cd325b0_uniq" ON "auth_group_permissions" ("group_id", "permission_id");
CREATE INDEX IF NOT EXISTS "auth_group_permissions_group_id_b120cbf9" ON "auth_group_permissions" ("group_id");
CREATE INDEX IF NOT EXISTS "auth_group_permissions_permission_id_84c5c92e" ON "auth_group_permissions" ("permission_id");
CREATE UNIQUE INDEX "auth_user_groups_user_id_group_id_94350c0c_uniq" ON "auth_user_groups" ("user_id", "group_id");
CREATE INDEX IF NOT EXISTS "auth_user_groups_user_id_6a12ed8b" ON "auth_user_groups" ("user_id");
CREATE INDEX IF NOT EXISTS "auth_user_groups_group_id_97559544" ON "auth_user_groups" ("group_id");
CREATE UNIQUE INDEX "auth_user_user_permissions_user_id_permission_id_14a6b632_uniq" ON "auth_user_user_permissions" ("user_id", "permission_id");
CREATE INDEX IF NOT EXISTS "auth_user_user_permissions_user_id_a95ead1b" ON "auth_user_user_permissions" ("user_id");
CREATE INDEX IF NOT EXISTS "auth_user_user_permissions_permission_id_1fbb5f2c" ON "auth_user_user_permissions" ("permission_id");
CREATE INDEX IF NOT EXISTS "django_admin_log_content_type_id_c4bce8eb" ON "django_admin_log" ("content_type_id");
CREATE INDEX IF NOT EXISTS "django_admin_log_user_id_c564eba6" ON "django_admin_log" ("user_id");
CREATE UNIQUE INDEX "django_content_type_app_label_model_76bd3d3b_uniq" ON "django_content_type" ("app_label", "model");
CREATE UNIQUE INDEX "auth_permission_content_type_id_codename_01ab375a_uniq" ON "auth_permission" ("content_type_id", "codename");
CREATE INDEX IF NOT EXISTS "auth_permission_content_type_id_2f476e4b" ON "auth_permission" ("content_type_id");
CREATE INDEX IF NOT EXISTS "django_session_expire_date_a5c62663" ON "django_session" ("expire_date");
CREATE INDEX IF NOT EXISTS "single_session_usersession_user_id_934d203c" ON "single_session_usersession" ("user_id");
CREATE INDEX IF NOT EXISTS "products_inventorygroups_bu_id_b5e0911c" ON "products_inventorygroups" ("bu_id");
CREATE INDEX IF NOT EXISTS "products_orders_customer_mobile_id_d3ceaffb" ON "products_orders" ("customer_mobile_id");
CREATE INDEX IF NOT EXISTS "products_itemsales_customer_mobile_id_b79a4cac" ON "products_itemsales" ("customer_mobile_id");
CREATE INDEX IF NOT EXISTS "products_itemsales_order_id_id_fe8f5471" ON "products_itemsales" ("order_id_id");
CREATE INDEX IF NOT EXISTS "products_inventoryitems_bu_id_7523e12e" ON "products_inventoryitems" ("bu_id");
CREATE INDEX IF NOT EXISTS "products_inventoryitems_group_id_1b9d4831" ON "products_inventoryitems" ("group_id");
CREATE INDEX IF NOT EXISTS "django_apscheduler_djangojob_next_run_time_2f022619" ON "django_apscheduler_djangojob" ("next_run_time");
CREATE INDEX IF NOT EXISTS "django_apscheduler_djangojobexecution_run_time_16edd96b" ON "django_apscheduler_djangojobexecution" ("run_time");
CREATE INDEX IF NOT EXISTS "django_apscheduler_djangojobexecution_job_id_daf5090a" ON "django_apscheduler_djangojobexecution" ("job_id");
CREATE TABLE IF NOT EXISTS "auth_group_permissions" ("id" integer NOT NULL PRIMARY KEY AUTOINCREMENT, "group_id" integer NOT NULL REFERENCES "auth_group" ("id") DEFERRABLE INITIALLY DEFERRED, "permission_id" integer NOT NULL REFERENCES "auth_permission" ("id") DEFERRABLE INITIALLY DEFERRED);
CREATE UNIQUE INDEX "auth_group_permissions_group_id_permission_id_0cd325b0_uniq" ON "auth_group_permissions" ("group_id", "permission_id");
CREATE INDEX IF NOT EXISTS "auth_group_permissions_group_id_b120cbf9" ON "auth_group_permissions" ("group_id");
CREATE INDEX IF NOT EXISTS "auth_group_permissions_permission_id_84c5c92e" ON "auth_group_permissions" ("permission_id");
CREATE UNIQUE INDEX "auth_user_groups_user_id_group_id_94350c0c_uniq" ON "auth_user_groups" ("user_id", "group_id");
CREATE INDEX IF NOT EXISTS "auth_user_groups_user_id_6a12ed8b" ON "auth_user_groups" ("user_id");
CREATE INDEX IF NOT EXISTS "auth_user_groups_group_id_97559544" ON "auth_user_groups" ("group_id");
CREATE UNIQUE INDEX "auth_user_user_permissions_user_id_permission_id_14a6b632_uniq" ON "auth_user_user_permissions" ("user_id", "permission_id");
CREATE INDEX IF NOT EXISTS "auth_user_user_permissions_user_id_a95ead1b" ON "auth_user_user_permissions" ("user_id");
CREATE INDEX IF NOT EXISTS "auth_user_user_permissions_permission_id_1fbb5f2c" ON "auth_user_user_permissions" ("permission_id");
CREATE INDEX IF NOT EXISTS "django_admin_log_content_type_id_c4bce8eb" ON "django_admin_log" ("content_type_id");
CREATE INDEX IF NOT EXISTS "django_admin_log_user_id_c564eba6" ON "django_admin_log" ("user_id");
CREATE UNIQUE INDEX "django_content_type_app_label_model_76bd3d3b_uniq" ON "django_content_type" ("app_label", "model");
CREATE UNIQUE INDEX "auth_permission_content_type_id_codename_01ab375a_uniq" ON "auth_permission" ("content_type_id", "codename");
CREATE INDEX IF NOT EXISTS "auth_permission_content_type_id_2f476e4b" ON "auth_permission" ("content_type_id");
CREATE INDEX IF NOT EXISTS "django_session_expire_date_a5c62663" ON "django_session" ("expire_date");
CREATE INDEX IF NOT EXISTS "single_session_usersession_user_id_934d203c" ON "single_session_usersession" ("user_id");
CREATE INDEX IF NOT EXISTS "products_inventorygroups_bu_id_b5e0911c" ON "products_inventorygroups" ("bu_id");
CREATE INDEX IF NOT EXISTS "products_orders_customer_mobile_id_d3ceaffb" ON "products_orders" ("customer_mobile_id");
CREATE INDEX IF NOT EXISTS "products_itemsales_customer_mobile_id_b79a4cac" ON "products_itemsales" ("customer_mobile_id");
CREATE INDEX IF NOT EXISTS "products_itemsales_order_id_id_fe8f5471" ON "products_itemsales" ("order_id_id");
CREATE INDEX IF NOT EXISTS "products_inventoryitems_bu_id_7523e12e" ON "products_inventoryitems" ("bu_id");
CREATE INDEX IF NOT EXISTS "products_inventoryitems_group_id_1b9d4831" ON "products_inventoryitems" ("group_id");
CREATE INDEX IF NOT EXISTS "django_apscheduler_djangojob_next_run_time_2f022619" ON "django_apscheduler_djangojob" ("next_run_time");
CREATE INDEX IF NOT EXISTS "django_apscheduler_djangojobexecution_run_time_16edd96b" ON "django_apscheduler_djangojobexecution" ("run_time");
CREATE INDEX IF NOT EXISTS "django_apscheduler_djangojobexecution_job_id_daf5090a" ON "django_apscheduler_djangojobexecution" ("job_id");
CREATE TABLE IF NOT EXISTS "auth_permission" ("id" integer NOT NULL PRIMARY KEY AUTOINCREMENT, "content_type_id" integer NOT NULL REFERENCES "django_content_type" ("id") DEFERRABLE INITIALLY DEFERRED, "codename" varchar(100) NOT NULL, "name" varchar(255) NOT NULL);
INSERT INTO "auth_permission" VALUES(1,1,'add_logentry','Can add log entry');
INSERT INTO "auth_permission" VALUES(2,1,'change_logentry','Can change log entry');
INSERT INTO "auth_permission" VALUES(3,1,'delete_logentry','Can delete log entry');
INSERT INTO "auth_permission" VALUES(4,1,'view_logentry','Can view log entry');
INSERT INTO "auth_permission" VALUES(5,2,'add_permission','Can add permission');
INSERT INTO "auth_permission" VALUES(6,2,'change_permission','Can change permission');
INSERT INTO "auth_permission" VALUES(7,2,'delete_permission','Can delete permission');
INSERT INTO "auth_permission" VALUES(8,2,'view_permission','Can view permission');
INSERT INTO "auth_permission" VALUES(9,3,'add_group','Can add group');
INSERT INTO "auth_permission" VALUES(10,3,'change_group','Can change group');
INSERT INTO "auth_permission" VALUES(11,3,'delete_group','Can delete group');
INSERT INTO "auth_permission" VALUES(12,3,'view_group','Can view group');
INSERT INTO "auth_permission" VALUES(13,4,'add_user','Can add user');
INSERT INTO "auth_permission" VALUES(14,4,'change_user','Can change user');
INSERT INTO "auth_permission" VALUES(15,4,'delete_user','Can delete user');
INSERT INTO "auth_permission" VALUES(16,4,'view_user','Can view user');
INSERT INTO "auth_permission" VALUES(17,5,'add_contenttype','Can add content type');
INSERT INTO "auth_permission" VALUES(18,5,'change_contenttype','Can change content type');
INSERT INTO "auth_permission" VALUES(19,5,'delete_contenttype','Can delete content type');
INSERT INTO "auth_permission" VALUES(20,5,'view_contenttype','Can view content type');
INSERT INTO "auth_permission" VALUES(21,6,'add_session','Can add session');
INSERT INTO "auth_permission" VALUES(22,6,'change_session','Can change session');
INSERT INTO "auth_permission" VALUES(23,6,'delete_session','Can delete session');
INSERT INTO "auth_permission" VALUES(24,6,'view_session','Can view session');
INSERT INTO "auth_permission" VALUES(25,7,'add_usersession','Can add user session');
INSERT INTO "auth_permission" VALUES(26,7,'change_usersession','Can change user session');
INSERT INTO "auth_permission" VALUES(27,7,'delete_usersession','Can delete user session');
INSERT INTO "auth_permission" VALUES(28,7,'view_usersession','Can view user session');
INSERT INTO "auth_permission" VALUES(29,7,'logout','Logout user sessions in bulk for a given user.');
INSERT INTO "auth_permission" VALUES(30,7,'logout_all','Logout user sessions in bulk for a given (admin) user.');
INSERT INTO "auth_permission" VALUES(31,8,'add_cart','Can add cart');
INSERT INTO "auth_permission" VALUES(32,8,'change_cart','Can change cart');
INSERT INTO "auth_permission" VALUES(33,8,'delete_cart','Can delete cart');
INSERT INTO "auth_permission" VALUES(34,8,'view_cart','Can view cart');
INSERT INTO "auth_permission" VALUES(35,9,'add_customers','Can add customers');
INSERT INTO "auth_permission" VALUES(36,9,'change_customers','Can change customers');
INSERT INTO "auth_permission" VALUES(37,9,'delete_customers','Can delete customers');
INSERT INTO "auth_permission" VALUES(38,9,'view_customers','Can view customers');
INSERT INTO "auth_permission" VALUES(39,10,'add_itemsales','Can add item sales');
INSERT INTO "auth_permission" VALUES(40,10,'change_itemsales','Can change item sales');
INSERT INTO "auth_permission" VALUES(41,10,'delete_itemsales','Can delete item sales');
INSERT INTO "auth_permission" VALUES(42,10,'view_itemsales','Can view item sales');
INSERT INTO "auth_permission" VALUES(43,11,'add_orders','Can add orders');
INSERT INTO "auth_permission" VALUES(44,11,'change_orders','Can change orders');
INSERT INTO "auth_permission" VALUES(45,11,'delete_orders','Can delete orders');
INSERT INTO "auth_permission" VALUES(46,11,'view_orders','Can view orders');
INSERT INTO "auth_permission" VALUES(47,12,'add_inventoryitems','Can add inventory items');
INSERT INTO "auth_permission" VALUES(48,12,'change_inventoryitems','Can change inventory items');
INSERT INTO "auth_permission" VALUES(49,12,'delete_inventoryitems','Can delete inventory items');
INSERT INTO "auth_permission" VALUES(50,12,'view_inventoryitems','Can view inventory items');
INSERT INTO "auth_permission" VALUES(51,13,'add_businessunit','Can add business unit');
INSERT INTO "auth_permission" VALUES(52,13,'change_businessunit','Can change business unit');
INSERT INTO "auth_permission" VALUES(53,13,'delete_businessunit','Can delete business unit');
INSERT INTO "auth_permission" VALUES(54,13,'view_businessunit','Can view business unit');
INSERT INTO "auth_permission" VALUES(55,14,'add_inventorygroups','Can add inventory groups');
INSERT INTO "auth_permission" VALUES(56,14,'change_inventorygroups','Can change inventory groups');
INSERT INTO "auth_permission" VALUES(57,14,'delete_inventorygroups','Can delete inventory groups');
INSERT INTO "auth_permission" VALUES(58,14,'view_inventorygroups','Can view inventory groups');
INSERT INTO "auth_permission" VALUES(59,15,'add_djangojob','Can add django job');
INSERT INTO "auth_permission" VALUES(60,15,'change_djangojob','Can change django job');
INSERT INTO "auth_permission" VALUES(61,15,'delete_djangojob','Can delete django job');
INSERT INTO "auth_permission" VALUES(62,15,'view_djangojob','Can view django job');
INSERT INTO "auth_permission" VALUES(63,16,'add_djangojobexecution','Can add django job execution');
INSERT INTO "auth_permission" VALUES(64,16,'change_djangojobexecution','Can change django job execution');
INSERT INTO "auth_permission" VALUES(65,16,'delete_djangojobexecution','Can delete django job execution');
INSERT INTO "auth_permission" VALUES(66,16,'view_djangojobexecution','Can view django job execution');
CREATE UNIQUE INDEX "auth_group_permissions_group_id_permission_id_0cd325b0_uniq" ON "auth_group_permissions" ("group_id", "permission_id");
CREATE INDEX IF NOT EXISTS "auth_group_permissions_group_id_b120cbf9" ON "auth_group_permissions" ("group_id");
CREATE INDEX IF NOT EXISTS "auth_group_permissions_permission_id_84c5c92e" ON "auth_group_permissions" ("permission_id");
CREATE UNIQUE INDEX "auth_user_groups_user_id_group_id_94350c0c_uniq" ON "auth_user_groups" ("user_id", "group_id");
CREATE INDEX IF NOT EXISTS "auth_user_groups_user_id_6a12ed8b" ON "auth_user_groups" ("user_id");
CREATE INDEX IF NOT EXISTS "auth_user_groups_group_id_97559544" ON "auth_user_groups" ("group_id");
CREATE UNIQUE INDEX "auth_user_user_permissions_user_id_permission_id_14a6b632_uniq" ON "auth_user_user_permissions" ("user_id", "permission_id");
CREATE INDEX IF NOT EXISTS "auth_user_user_permissions_user_id_a95ead1b" ON "auth_user_user_permissions" ("user_id");
CREATE INDEX IF NOT EXISTS "auth_user_user_permissions_permission_id_1fbb5f2c" ON "auth_user_user_permissions" ("permission_id");
CREATE INDEX IF NOT EXISTS "django_admin_log_content_type_id_c4bce8eb" ON "django_admin_log" ("content_type_id");
CREATE INDEX IF NOT EXISTS "django_admin_log_user_id_c564eba6" ON "django_admin_log" ("user_id");
CREATE UNIQUE INDEX "django_content_type_app_label_model_76bd3d3b_uniq" ON "django_content_type" ("app_label", "model");
CREATE UNIQUE INDEX "auth_permission_content_type_id_codename_01ab375a_uniq" ON "auth_permission" ("content_type_id", "codename");
CREATE INDEX IF NOT EXISTS "auth_permission_content_type_id_2f476e4b" ON "auth_permission" ("content_type_id");
CREATE INDEX IF NOT EXISTS "django_session_expire_date_a5c62663" ON "django_session" ("expire_date");
CREATE INDEX IF NOT EXISTS "single_session_usersession_user_id_934d203c" ON "single_session_usersession" ("user_id");
CREATE INDEX IF NOT EXISTS "products_inventorygroups_bu_id_b5e0911c" ON "products_inventorygroups" ("bu_id");
CREATE INDEX IF NOT EXISTS "products_orders_customer_mobile_id_d3ceaffb" ON "products_orders" ("customer_mobile_id");
CREATE INDEX IF NOT EXISTS "products_itemsales_customer_mobile_id_b79a4cac" ON "products_itemsales" ("customer_mobile_id");
CREATE INDEX IF NOT EXISTS "products_itemsales_order_id_id_fe8f5471" ON "products_itemsales" ("order_id_id");
CREATE INDEX IF NOT EXISTS "products_inventoryitems_bu_id_7523e12e" ON "products_inventoryitems" ("bu_id");
CREATE INDEX IF NOT EXISTS "products_inventoryitems_group_id_1b9d4831" ON "products_inventoryitems" ("group_id");
CREATE INDEX IF NOT EXISTS "django_apscheduler_djangojob_next_run_time_2f022619" ON "django_apscheduler_djangojob" ("next_run_time");
CREATE INDEX IF NOT EXISTS "django_apscheduler_djangojobexecution_run_time_16edd96b" ON "django_apscheduler_djangojobexecution" ("run_time");
CREATE INDEX IF NOT EXISTS "django_apscheduler_djangojobexecution_job_id_daf5090a" ON "django_apscheduler_djangojobexecution" ("job_id");
CREATE TABLE IF NOT EXISTS "auth_user" ("id" integer NOT NULL PRIMARY KEY AUTOINCREMENT, "password" varchar(128) NOT NULL, "last_login" datetime NULL, "is_superuser" bool NOT NULL, "username" varchar(150) NOT NULL UNIQUE, "last_name" varchar(150) NOT NULL, "email" varchar(254) NOT NULL, "is_staff" bool NOT NULL, "is_active" bool NOT NULL, "date_joined" datetime NOT NULL, "first_name" varchar(150) NOT NULL);
INSERT INTO "auth_user" VALUES(1,'pbkdf2_sha256$600000$j1f0Dv1u7FRd0Oy8XdGoqC$xwhqiTuLv/9f38E/uXK3Mq43h00rNbxYCK0rOJ0j/AI=','2023-12-05 16:29:53.219972',1,'admin','','admin@gmail.com',1,1,'2023-12-03 15:33:03.766300','');
CREATE UNIQUE INDEX "auth_group_permissions_group_id_permission_id_0cd325b0_uniq" ON "auth_group_permissions" ("group_id", "permission_id");
CREATE INDEX IF NOT EXISTS "auth_group_permissions_group_id_b120cbf9" ON "auth_group_permissions" ("group_id");
CREATE INDEX IF NOT EXISTS "auth_group_permissions_permission_id_84c5c92e" ON "auth_group_permissions" ("permission_id");
CREATE UNIQUE INDEX "auth_user_groups_user_id_group_id_94350c0c_uniq" ON "auth_user_groups" ("user_id", "group_id");
CREATE INDEX IF NOT EXISTS "auth_user_groups_user_id_6a12ed8b" ON "auth_user_groups" ("user_id");
CREATE INDEX IF NOT EXISTS "auth_user_groups_group_id_97559544" ON "auth_user_groups" ("group_id");
CREATE UNIQUE INDEX "auth_user_user_permissions_user_id_permission_id_14a6b632_uniq" ON "auth_user_user_permissions" ("user_id", "permission_id");
CREATE INDEX IF NOT EXISTS "auth_user_user_permissions_user_id_a95ead1b" ON "auth_user_user_permissions" ("user_id");
CREATE INDEX IF NOT EXISTS "auth_user_user_permissions_permission_id_1fbb5f2c" ON "auth_user_user_permissions" ("permission_id");
CREATE INDEX IF NOT EXISTS "django_admin_log_content_type_id_c4bce8eb" ON "django_admin_log" ("content_type_id");
CREATE INDEX IF NOT EXISTS "django_admin_log_user_id_c564eba6" ON "django_admin_log" ("user_id");
CREATE UNIQUE INDEX "django_content_type_app_label_model_76bd3d3b_uniq" ON "django_content_type" ("app_label", "model");
CREATE UNIQUE INDEX "auth_permission_content_type_id_codename_01ab375a_uniq" ON "auth_permission" ("content_type_id", "codename");
CREATE INDEX IF NOT EXISTS "auth_permission_content_type_id_2f476e4b" ON "auth_permission" ("content_type_id");
CREATE INDEX IF NOT EXISTS "django_session_expire_date_a5c62663" ON "django_session" ("expire_date");
CREATE INDEX IF NOT EXISTS "single_session_usersession_user_id_934d203c" ON "single_session_usersession" ("user_id");
CREATE INDEX IF NOT EXISTS "products_inventorygroups_bu_id_b5e0911c" ON "products_inventorygroups" ("bu_id");
CREATE INDEX IF NOT EXISTS "products_orders_customer_mobile_id_d3ceaffb" ON "products_orders" ("customer_mobile_id");
CREATE INDEX IF NOT EXISTS "products_itemsales_customer_mobile_id_b79a4cac" ON "products_itemsales" ("customer_mobile_id");
CREATE INDEX IF NOT EXISTS "products_itemsales_order_id_id_fe8f5471" ON "products_itemsales" ("order_id_id");
CREATE INDEX IF NOT EXISTS "products_inventoryitems_bu_id_7523e12e" ON "products_inventoryitems" ("bu_id");
CREATE INDEX IF NOT EXISTS "products_inventoryitems_group_id_1b9d4831" ON "products_inventoryitems" ("group_id");
CREATE INDEX IF NOT EXISTS "django_apscheduler_djangojob_next_run_time_2f022619" ON "django_apscheduler_djangojob" ("next_run_time");
CREATE INDEX IF NOT EXISTS "django_apscheduler_djangojobexecution_run_time_16edd96b" ON "django_apscheduler_djangojobexecution" ("run_time");
CREATE INDEX IF NOT EXISTS "django_apscheduler_djangojobexecution_job_id_daf5090a" ON "django_apscheduler_djangojobexecution" ("job_id");
CREATE TABLE IF NOT EXISTS "auth_user_groups" ("id" integer NOT NULL PRIMARY KEY AUTOINCREMENT, "user_id" integer NOT NULL REFERENCES "auth_user" ("id") DEFERRABLE INITIALLY DEFERRED, "group_id" integer NOT NULL REFERENCES "auth_group" ("id") DEFERRABLE INITIALLY DEFERRED);
CREATE UNIQUE INDEX "auth_group_permissions_group_id_permission_id_0cd325b0_uniq" ON "auth_group_permissions" ("group_id", "permission_id");
CREATE INDEX IF NOT EXISTS "auth_group_permissions_group_id_b120cbf9" ON "auth_group_permissions" ("group_id");
CREATE INDEX IF NOT EXISTS "auth_group_permissions_permission_id_84c5c92e" ON "auth_group_permissions" ("permission_id");
CREATE UNIQUE INDEX "auth_user_groups_user_id_group_id_94350c0c_uniq" ON "auth_user_groups" ("user_id", "group_id");
CREATE INDEX IF NOT EXISTS "auth_user_groups_user_id_6a12ed8b" ON "auth_user_groups" ("user_id");
CREATE INDEX IF NOT EXISTS "auth_user_groups_group_id_97559544" ON "auth_user_groups" ("group_id");
CREATE UNIQUE INDEX "auth_user_user_permissions_user_id_permission_id_14a6b632_uniq" ON "auth_user_user_permissions" ("user_id", "permission_id");
CREATE INDEX IF NOT EXISTS "auth_user_user_permissions_user_id_a95ead1b" ON "auth_user_user_permissions" ("user_id");
CREATE INDEX IF NOT EXISTS "auth_user_user_permissions_permission_id_1fbb5f2c" ON "auth_user_user_permissions" ("permission_id");
CREATE INDEX IF NOT EXISTS "django_admin_log_content_type_id_c4bce8eb" ON "django_admin_log" ("content_type_id");
CREATE INDEX IF NOT EXISTS "django_admin_log_user_id_c564eba6" ON "django_admin_log" ("user_id");
CREATE UNIQUE INDEX "django_content_type_app_label_model_76bd3d3b_uniq" ON "django_content_type" ("app_label", "model");
CREATE UNIQUE INDEX "auth_permission_content_type_id_codename_01ab375a_uniq" ON "auth_permission" ("content_type_id", "codename");
CREATE INDEX IF NOT EXISTS "auth_permission_content_type_id_2f476e4b" ON "auth_permission" ("content_type_id");
CREATE INDEX IF NOT EXISTS "django_session_expire_date_a5c62663" ON "django_session" ("expire_date");
CREATE INDEX IF NOT EXISTS "single_session_usersession_user_id_934d203c" ON "single_session_usersession" ("user_id");
CREATE INDEX IF NOT EXISTS "products_inventorygroups_bu_id_b5e0911c" ON "products_inventorygroups" ("bu_id");
CREATE INDEX IF NOT EXISTS "products_orders_customer_mobile_id_d3ceaffb" ON "products_orders" ("customer_mobile_id");
CREATE INDEX IF NOT EXISTS "products_itemsales_customer_mobile_id_b79a4cac" ON "products_itemsales" ("customer_mobile_id");
CREATE INDEX IF NOT EXISTS "products_itemsales_order_id_id_fe8f5471" ON "products_itemsales" ("order_id_id");
CREATE INDEX IF NOT EXISTS "products_inventoryitems_bu_id_7523e12e" ON "products_inventoryitems" ("bu_id");
CREATE INDEX IF NOT EXISTS "products_inventoryitems_group_id_1b9d4831" ON "products_inventoryitems" ("group_id");
CREATE INDEX IF NOT EXISTS "django_apscheduler_djangojob_next_run_time_2f022619" ON "django_apscheduler_djangojob" ("next_run_time");
CREATE INDEX IF NOT EXISTS "django_apscheduler_djangojobexecution_run_time_16edd96b" ON "django_apscheduler_djangojobexecution" ("run_time");
CREATE INDEX IF NOT EXISTS "django_apscheduler_djangojobexecution_job_id_daf5090a" ON "django_apscheduler_djangojobexecution" ("job_id");
CREATE TABLE IF NOT EXISTS "auth_user_user_permissions" ("id" integer NOT NULL PRIMARY KEY AUTOINCREMENT, "user_id" integer NOT NULL REFERENCES "auth_user" ("id") DEFERRABLE INITIALLY DEFERRED, "permission_id" integer NOT NULL REFERENCES "auth_permission" ("id") DEFERRABLE INITIALLY DEFERRED);
CREATE UNIQUE INDEX "auth_group_permissions_group_id_permission_id_0cd325b0_uniq" ON "auth_group_permissions" ("group_id", "permission_id");
CREATE INDEX IF NOT EXISTS "auth_group_permissions_group_id_b120cbf9" ON "auth_group_permissions" ("group_id");
CREATE INDEX IF NOT EXISTS "auth_group_permissions_permission_id_84c5c92e" ON "auth_group_permissions" ("permission_id");
CREATE UNIQUE INDEX "auth_user_groups_user_id_group_id_94350c0c_uniq" ON "auth_user_groups" ("user_id", "group_id");
CREATE INDEX IF NOT EXISTS "auth_user_groups_user_id_6a12ed8b" ON "auth_user_groups" ("user_id");
CREATE INDEX IF NOT EXISTS "auth_user_groups_group_id_97559544" ON "auth_user_groups" ("group_id");
CREATE UNIQUE INDEX "auth_user_user_permissions_user_id_permission_id_14a6b632_uniq" ON "auth_user_user_permissions" ("user_id", "permission_id");
CREATE INDEX IF NOT EXISTS "auth_user_user_permissions_user_id_a95ead1b" ON "auth_user_user_permissions" ("user_id");
CREATE INDEX IF NOT EXISTS "auth_user_user_permissions_permission_id_1fbb5f2c" ON "auth_user_user_permissions" ("permission_id");
CREATE INDEX IF NOT EXISTS "django_admin_log_content_type_id_c4bce8eb" ON "django_admin_log" ("content_type_id");
CREATE INDEX IF NOT EXISTS "django_admin_log_user_id_c564eba6" ON "django_admin_log" ("user_id");
CREATE UNIQUE INDEX "django_content_type_app_label_model_76bd3d3b_uniq" ON "django_content_type" ("app_label", "model");
CREATE UNIQUE INDEX "auth_permission_content_type_id_codename_01ab375a_uniq" ON "auth_permission" ("content_type_id", "codename");
CREATE INDEX IF NOT EXISTS "auth_permission_content_type_id_2f476e4b" ON "auth_permission" ("content_type_id");
CREATE INDEX IF NOT EXISTS "django_session_expire_date_a5c62663" ON "django_session" ("expire_date");
CREATE INDEX IF NOT EXISTS "single_session_usersession_user_id_934d203c" ON "single_session_usersession" ("user_id");
CREATE INDEX IF NOT EXISTS "products_inventorygroups_bu_id_b5e0911c" ON "products_inventorygroups" ("bu_id");
CREATE INDEX IF NOT EXISTS "products_orders_customer_mobile_id_d3ceaffb" ON "products_orders" ("customer_mobile_id");
CREATE INDEX IF NOT EXISTS "products_itemsales_customer_mobile_id_b79a4cac" ON "products_itemsales" ("customer_mobile_id");
CREATE INDEX IF NOT EXISTS "products_itemsales_order_id_id_fe8f5471" ON "products_itemsales" ("order_id_id");
CREATE INDEX IF NOT EXISTS "products_inventoryitems_bu_id_7523e12e" ON "products_inventoryitems" ("bu_id");
CREATE INDEX IF NOT EXISTS "products_inventoryitems_group_id_1b9d4831" ON "products_inventoryitems" ("group_id");
CREATE INDEX IF NOT EXISTS "django_apscheduler_djangojob_next_run_time_2f022619" ON "django_apscheduler_djangojob" ("next_run_time");
CREATE INDEX IF NOT EXISTS "django_apscheduler_djangojobexecution_run_time_16edd96b" ON "django_apscheduler_djangojobexecution" ("run_time");
CREATE INDEX IF NOT EXISTS "django_apscheduler_djangojobexecution_job_id_daf5090a" ON "django_apscheduler_djangojobexecution" ("job_id");
CREATE TABLE IF NOT EXISTS "django_admin_log" ("id" integer NOT NULL PRIMARY KEY AUTOINCREMENT, "object_id" text NULL, "object_repr" varchar(200) NOT NULL, "action_flag" smallint unsigned NOT NULL CHECK ("action_flag" >= 0), "change_message" text NOT NULL, "content_type_id" integer NULL REFERENCES "django_content_type" ("id") DEFERRABLE INITIALLY DEFERRED, "user_id" integer NOT NULL REFERENCES "auth_user" ("id") DEFERRABLE INITIALLY DEFERRED, "action_time" datetime NOT NULL);
CREATE UNIQUE INDEX "auth_group_permissions_group_id_permission_id_0cd325b0_uniq" ON "auth_group_permissions" ("group_id", "permission_id");
CREATE INDEX IF NOT EXISTS "auth_group_permissions_group_id_b120cbf9" ON "auth_group_permissions" ("group_id");
CREATE INDEX IF NOT EXISTS "auth_group_permissions_permission_id_84c5c92e" ON "auth_group_permissions" ("permission_id");
CREATE UNIQUE INDEX "auth_user_groups_user_id_group_id_94350c0c_uniq" ON "auth_user_groups" ("user_id", "group_id");
CREATE INDEX IF NOT EXISTS "auth_user_groups_user_id_6a12ed8b" ON "auth_user_groups" ("user_id");
CREATE INDEX IF NOT EXISTS "auth_user_groups_group_id_97559544" ON "auth_user_groups" ("group_id");
CREATE UNIQUE INDEX "auth_user_user_permissions_user_id_permission_id_14a6b632_uniq" ON "auth_user_user_permissions" ("user_id", "permission_id");
CREATE INDEX IF NOT EXISTS "auth_user_user_permissions_user_id_a95ead1b" ON "auth_user_user_permissions" ("user_id");
CREATE INDEX IF NOT EXISTS "auth_user_user_permissions_permission_id_1fbb5f2c" ON "auth_user_user_permissions" ("permission_id");
CREATE INDEX IF NOT EXISTS "django_admin_log_content_type_id_c4bce8eb" ON "django_admin_log" ("content_type_id");
CREATE INDEX IF NOT EXISTS "django_admin_log_user_id_c564eba6" ON "django_admin_log" ("user_id");
CREATE UNIQUE INDEX "django_content_type_app_label_model_76bd3d3b_uniq" ON "django_content_type" ("app_label", "model");
CREATE UNIQUE INDEX "auth_permission_content_type_id_codename_01ab375a_uniq" ON "auth_permission" ("content_type_id", "codename");
CREATE INDEX IF NOT EXISTS "auth_permission_content_type_id_2f476e4b" ON "auth_permission" ("content_type_id");
CREATE INDEX IF NOT EXISTS "django_session_expire_date_a5c62663" ON "django_session" ("expire_date");
CREATE INDEX IF NOT EXISTS "single_session_usersession_user_id_934d203c" ON "single_session_usersession" ("user_id");
CREATE INDEX IF NOT EXISTS "products_inventorygroups_bu_id_b5e0911c" ON "products_inventorygroups" ("bu_id");
CREATE INDEX IF NOT EXISTS "products_orders_customer_mobile_id_d3ceaffb" ON "products_orders" ("customer_mobile_id");
CREATE INDEX IF NOT EXISTS "products_itemsales_customer_mobile_id_b79a4cac" ON "products_itemsales" ("customer_mobile_id");
CREATE INDEX IF NOT EXISTS "products_itemsales_order_id_id_fe8f5471" ON "products_itemsales" ("order_id_id");
CREATE INDEX IF NOT EXISTS "products_inventoryitems_bu_id_7523e12e" ON "products_inventoryitems" ("bu_id");
CREATE INDEX IF NOT EXISTS "products_inventoryitems_group_id_1b9d4831" ON "products_inventoryitems" ("group_id");
CREATE INDEX IF NOT EXISTS "django_apscheduler_djangojob_next_run_time_2f022619" ON "django_apscheduler_djangojob" ("next_run_time");
CREATE INDEX IF NOT EXISTS "django_apscheduler_djangojobexecution_run_time_16edd96b" ON "django_apscheduler_djangojobexecution" ("run_time");
CREATE INDEX IF NOT EXISTS "django_apscheduler_djangojobexecution_job_id_daf5090a" ON "django_apscheduler_djangojobexecution" ("job_id");
CREATE TABLE IF NOT EXISTS "django_apscheduler_djangojob" ("id" varchar(255) NOT NULL PRIMARY KEY, "next_run_time" datetime NULL, "job_state" BLOB NOT NULL);
CREATE UNIQUE INDEX "auth_group_permissions_group_id_permission_id_0cd325b0_uniq" ON "auth_group_permissions" ("group_id", "permission_id");
CREATE INDEX IF NOT EXISTS "auth_group_permissions_group_id_b120cbf9" ON "auth_group_permissions" ("group_id");
CREATE INDEX IF NOT EXISTS "auth_group_permissions_permission_id_84c5c92e" ON "auth_group_permissions" ("permission_id");
CREATE UNIQUE INDEX "auth_user_groups_user_id_group_id_94350c0c_uniq" ON "auth_user_groups" ("user_id", "group_id");
CREATE INDEX IF NOT EXISTS "auth_user_groups_user_id_6a12ed8b" ON "auth_user_groups" ("user_id");
CREATE INDEX IF NOT EXISTS "auth_user_groups_group_id_97559544" ON "auth_user_groups" ("group_id");
CREATE UNIQUE INDEX "auth_user_user_permissions_user_id_permission_id_14a6b632_uniq" ON "auth_user_user_permissions" ("user_id", "permission_id");
CREATE INDEX IF NOT EXISTS "auth_user_user_permissions_user_id_a95ead1b" ON "auth_user_user_permissions" ("user_id");
CREATE INDEX IF NOT EXISTS "auth_user_user_permissions_permission_id_1fbb5f2c" ON "auth_user_user_permissions" ("permission_id");
CREATE INDEX IF NOT EXISTS "django_admin_log_content_type_id_c4bce8eb" ON "django_admin_log" ("content_type_id");
CREATE INDEX IF NOT EXISTS "django_admin_log_user_id_c564eba6" ON "django_admin_log" ("user_id");
CREATE UNIQUE INDEX "django_content_type_app_label_model_76bd3d3b_uniq" ON "django_content_type" ("app_label", "model");
CREATE UNIQUE INDEX "auth_permission_content_type_id_codename_01ab375a_uniq" ON "auth_permission" ("content_type_id", "codename");
CREATE INDEX IF NOT EXISTS "auth_permission_content_type_id_2f476e4b" ON "auth_permission" ("content_type_id");
CREATE INDEX IF NOT EXISTS "django_session_expire_date_a5c62663" ON "django_session" ("expire_date");
CREATE INDEX IF NOT EXISTS "single_session_usersession_user_id_934d203c" ON "single_session_usersession" ("user_id");
CREATE INDEX IF NOT EXISTS "products_inventorygroups_bu_id_b5e0911c" ON "products_inventorygroups" ("bu_id");
CREATE INDEX IF NOT EXISTS "products_orders_customer_mobile_id_d3ceaffb" ON "products_orders" ("customer_mobile_id");
CREATE INDEX IF NOT EXISTS "products_itemsales_customer_mobile_id_b79a4cac" ON "products_itemsales" ("customer_mobile_id");
CREATE INDEX IF NOT EXISTS "products_itemsales_order_id_id_fe8f5471" ON "products_itemsales" ("order_id_id");
CREATE INDEX IF NOT EXISTS "products_inventoryitems_bu_id_7523e12e" ON "products_inventoryitems" ("bu_id");
CREATE INDEX IF NOT EXISTS "products_inventoryitems_group_id_1b9d4831" ON "products_inventoryitems" ("group_id");
CREATE INDEX IF NOT EXISTS "django_apscheduler_djangojob_next_run_time_2f022619" ON "django_apscheduler_djangojob" ("next_run_time");
CREATE INDEX IF NOT EXISTS "django_apscheduler_djangojobexecution_run_time_16edd96b" ON "django_apscheduler_djangojobexecution" ("run_time");
CREATE INDEX IF NOT EXISTS "django_apscheduler_djangojobexecution_job_id_daf5090a" ON "django_apscheduler_djangojobexecution" ("job_id");
CREATE TABLE IF NOT EXISTS "django_apscheduler_djangojobexecution" ("id" integer NOT NULL PRIMARY KEY AUTOINCREMENT, "status" varchar(50) NOT NULL, "run_time" datetime NOT NULL, "duration" decimal NULL, "finished" decimal NULL, "exception" varchar(1000) NULL, "traceback" text NULL, "job_id" varchar(255) NOT NULL REFERENCES "django_apscheduler_djangojob" ("id") DEFERRABLE INITIALLY DEFERRED, CONSTRAINT "unique_job_executions" UNIQUE ("job_id", "run_time"));
CREATE UNIQUE INDEX "auth_group_permissions_group_id_permission_id_0cd325b0_uniq" ON "auth_group_permissions" ("group_id", "permission_id");
CREATE INDEX IF NOT EXISTS "auth_group_permissions_group_id_b120cbf9" ON "auth_group_permissions" ("group_id");
CREATE INDEX IF NOT EXISTS "auth_group_permissions_permission_id_84c5c92e" ON "auth_group_permissions" ("permission_id");
CREATE UNIQUE INDEX "auth_user_groups_user_id_group_id_94350c0c_uniq" ON "auth_user_groups" ("user_id", "group_id");
CREATE INDEX IF NOT EXISTS "auth_user_groups_user_id_6a12ed8b" ON "auth_user_groups" ("user_id");
CREATE INDEX IF NOT EXISTS "auth_user_groups_group_id_97559544" ON "auth_user_groups" ("group_id");
CREATE UNIQUE INDEX "auth_user_user_permissions_user_id_permission_id_14a6b632_uniq" ON "auth_user_user_permissions" ("user_id", "permission_id");
CREATE INDEX IF NOT EXISTS "auth_user_user_permissions_user_id_a95ead1b" ON "auth_user_user_permissions" ("user_id");
CREATE INDEX IF NOT EXISTS "auth_user_user_permissions_permission_id_1fbb5f2c" ON "auth_user_user_permissions" ("permission_id");
CREATE INDEX IF NOT EXISTS "django_admin_log_content_type_id_c4bce8eb" ON "django_admin_log" ("content_type_id");
CREATE INDEX IF NOT EXISTS "django_admin_log_user_id_c564eba6" ON "django_admin_log" ("user_id");
CREATE UNIQUE INDEX "django_content_type_app_label_model_76bd3d3b_uniq" ON "django_content_type" ("app_label", "model");
CREATE UNIQUE INDEX "auth_permission_content_type_id_codename_01ab375a_uniq" ON "auth_permission" ("content_type_id", "codename");
CREATE INDEX IF NOT EXISTS "auth_permission_content_type_id_2f476e4b" ON "auth_permission" ("content_type_id");
CREATE INDEX IF NOT EXISTS "django_session_expire_date_a5c62663" ON "django_session" ("expire_date");
CREATE INDEX IF NOT EXISTS "single_session_usersession_user_id_934d203c" ON "single_session_usersession" ("user_id");
CREATE INDEX IF NOT EXISTS "products_inventorygroups_bu_id_b5e0911c" ON "products_inventorygroups" ("bu_id");
CREATE INDEX IF NOT EXISTS "products_orders_customer_mobile_id_d3ceaffb" ON "products_orders" ("customer_mobile_id");
CREATE INDEX IF NOT EXISTS "products_itemsales_customer_mobile_id_b79a4cac" ON "products_itemsales" ("customer_mobile_id");
CREATE INDEX IF NOT EXISTS "products_itemsales_order_id_id_fe8f5471" ON "products_itemsales" ("order_id_id");
CREATE INDEX IF NOT EXISTS "products_inventoryitems_bu_id_7523e12e" ON "products_inventoryitems" ("bu_id");
CREATE INDEX IF NOT EXISTS "products_inventoryitems_group_id_1b9d4831" ON "products_inventoryitems" ("group_id");
CREATE INDEX IF NOT EXISTS "django_apscheduler_djangojob_next_run_time_2f022619" ON "django_apscheduler_djangojob" ("next_run_time");
CREATE INDEX IF NOT EXISTS "django_apscheduler_djangojobexecution_run_time_16edd96b" ON "django_apscheduler_djangojobexecution" ("run_time");
CREATE INDEX IF NOT EXISTS "django_apscheduler_djangojobexecution_job_id_daf5090a" ON "django_apscheduler_djangojobexecution" ("job_id");
CREATE TABLE IF NOT EXISTS "django_content_type" ("id" integer NOT NULL PRIMARY KEY AUTOINCREMENT, "app_label" varchar(100) NOT NULL, "model" varchar(100) NOT NULL);
INSERT INTO "django_content_type" VALUES(1,'admin','logentry');
INSERT INTO "django_content_type" VALUES(2,'auth','permission');
INSERT INTO "django_content_type" VALUES(3,'auth','group');
INSERT INTO "django_content_type" VALUES(4,'auth','user');
INSERT INTO "django_content_type" VALUES(5,'contenttypes','contenttype');
INSERT INTO "django_content_type" VALUES(6,'sessions','session');
INSERT INTO "django_content_type" VALUES(7,'single_session','usersession');
INSERT INTO "django_content_type" VALUES(8,'products','cart');
INSERT INTO "django_content_type" VALUES(9,'products','customers');
INSERT INTO "django_content_type" VALUES(10,'products','itemsales');
INSERT INTO "django_content_type" VALUES(11,'products','orders');
INSERT INTO "django_content_type" VALUES(12,'products','inventoryitems');
INSERT INTO "django_content_type" VALUES(13,'products','businessunit');
INSERT INTO "django_content_type" VALUES(14,'products','inventorygroups');
INSERT INTO "django_content_type" VALUES(15,'django_apscheduler','djangojob');
INSERT INTO "django_content_type" VALUES(16,'django_apscheduler','djangojobexecution');
CREATE UNIQUE INDEX "auth_group_permissions_group_id_permission_id_0cd325b0_uniq" ON "auth_group_permissions" ("group_id", "permission_id");
CREATE INDEX IF NOT EXISTS "auth_group_permissions_group_id_b120cbf9" ON "auth_group_permissions" ("group_id");
CREATE INDEX IF NOT EXISTS "auth_group_permissions_permission_id_84c5c92e" ON "auth_group_permissions" ("permission_id");
CREATE UNIQUE INDEX "auth_user_groups_user_id_group_id_94350c0c_uniq" ON "auth_user_groups" ("user_id", "group_id");
CREATE INDEX IF NOT EXISTS "auth_user_groups_user_id_6a12ed8b" ON "auth_user_groups" ("user_id");
CREATE INDEX IF NOT EXISTS "auth_user_groups_group_id_97559544" ON "auth_user_groups" ("group_id");
CREATE UNIQUE INDEX "auth_user_user_permissions_user_id_permission_id_14a6b632_uniq" ON "auth_user_user_permissions" ("user_id", "permission_id");
CREATE INDEX IF NOT EXISTS "auth_user_user_permissions_user_id_a95ead1b" ON "auth_user_user_permissions" ("user_id");
CREATE INDEX IF NOT EXISTS "auth_user_user_permissions_permission_id_1fbb5f2c" ON "auth_user_user_permissions" ("permission_id");
CREATE INDEX IF NOT EXISTS "django_admin_log_content_type_id_c4bce8eb" ON "django_admin_log" ("content_type_id");
CREATE INDEX IF NOT EXISTS "django_admin_log_user_id_c564eba6" ON "django_admin_log" ("user_id");
CREATE UNIQUE INDEX "django_content_type_app_label_model_76bd3d3b_uniq" ON "django_content_type" ("app_label", "model");
CREATE UNIQUE INDEX "auth_permission_content_type_id_codename_01ab375a_uniq" ON "auth_permission" ("content_type_id", "codename");
CREATE INDEX IF NOT EXISTS "auth_permission_content_type_id_2f476e4b" ON "auth_permission" ("content_type_id");
CREATE INDEX IF NOT EXISTS "django_session_expire_date_a5c62663" ON "django_session" ("expire_date");
CREATE INDEX IF NOT EXISTS "single_session_usersession_user_id_934d203c" ON "single_session_usersession" ("user_id");
CREATE INDEX IF NOT EXISTS "products_inventorygroups_bu_id_b5e0911c" ON "products_inventorygroups" ("bu_id");
CREATE INDEX IF NOT EXISTS "products_orders_customer_mobile_id_d3ceaffb" ON "products_orders" ("customer_mobile_id");
CREATE INDEX IF NOT EXISTS "products_itemsales_customer_mobile_id_b79a4cac" ON "products_itemsales" ("customer_mobile_id");
CREATE INDEX IF NOT EXISTS "products_itemsales_order_id_id_fe8f5471" ON "products_itemsales" ("order_id_id");
CREATE INDEX IF NOT EXISTS "products_inventoryitems_bu_id_7523e12e" ON "products_inventoryitems" ("bu_id");
CREATE INDEX IF NOT EXISTS "products_inventoryitems_group_id_1b9d4831" ON "products_inventoryitems" ("group_id");
CREATE INDEX IF NOT EXISTS "django_apscheduler_djangojob_next_run_time_2f022619" ON "django_apscheduler_djangojob" ("next_run_time");
CREATE INDEX IF NOT EXISTS "django_apscheduler_djangojobexecution_run_time_16edd96b" ON "django_apscheduler_djangojobexecution" ("run_time");
CREATE INDEX IF NOT EXISTS "django_apscheduler_djangojobexecution_job_id_daf5090a" ON "django_apscheduler_djangojobexecution" ("job_id");
CREATE TABLE IF NOT EXISTS "django_migrations" ("id" integer NOT NULL PRIMARY KEY AUTOINCREMENT, "app" varchar(255) NOT NULL, "name" varchar(255) NOT NULL, "applied" datetime NOT NULL);
INSERT INTO "django_migrations" VALUES(1,'contenttypes','0001_initial','2023-12-03 15:30:32.371364');
INSERT INTO "django_migrations" VALUES(2,'auth','0001_initial','2023-12-03 15:30:32.400293');
INSERT INTO "django_migrations" VALUES(3,'admin','0001_initial','2023-12-03 15:30:32.419571');
INSERT INTO "django_migrations" VALUES(4,'admin','0002_logentry_remove_auto_add','2023-12-03 15:30:32.439407');
INSERT INTO "django_migrations" VALUES(5,'admin','0003_logentry_add_action_flag_choices','2023-12-03 15:30:32.447192');
INSERT INTO "django_migrations" VALUES(6,'contenttypes','0002_remove_content_type_name','2023-12-03 15:30:32.472113');
INSERT INTO "django_migrations" VALUES(7,'auth','0002_alter_permission_name_max_length','2023-12-03 15:30:32.489877');
INSERT INTO "django_migrations" VALUES(8,'auth','0003_alter_user_email_max_length','2023-12-03 15:30:32.507096');
INSERT INTO "django_migrations" VALUES(9,'auth','0004_alter_user_username_opts','2023-12-03 15:30:32.513187');
INSERT INTO "django_migrations" VALUES(10,'auth','0005_alter_user_last_login_null','2023-12-03 15:30:32.534524');
INSERT INTO "django_migrations" VALUES(11,'auth','0006_require_contenttypes_0002','2023-12-03 15:30:32.541824');
INSERT INTO "django_migrations" VALUES(12,'auth','0007_alter_validators_add_error_messages','2023-12-03 15:30:32.553762');
INSERT INTO "django_migrations" VALUES(13,'auth','0008_alter_user_username_max_length','2023-12-03 15:30:32.571011');
INSERT INTO "django_migrations" VALUES(14,'auth','0009_alter_user_last_name_max_length','2023-12-03 15:30:32.586219');
INSERT INTO "django_migrations" VALUES(15,'auth','0010_alter_group_name_max_length','2023-12-03 15:30:32.598097');
INSERT INTO "django_migrations" VALUES(16,'auth','0011_update_proxy_permissions','2023-12-03 15:30:32.611921');
INSERT INTO "django_migrations" VALUES(17,'auth','0012_alter_user_first_name_max_length','2023-12-03 15:30:32.630366');
INSERT INTO "django_migrations" VALUES(18,'sessions','0001_initial','2023-12-03 15:30:32.644534');
INSERT INTO "django_migrations" VALUES(19,'single_session','0001_initial','2023-12-03 15:30:32.661270');
INSERT INTO "django_migrations" VALUES(20,'products','0001_initial','2023-12-03 15:35:53.640272');
INSERT INTO "django_migrations" VALUES(21,'django_apscheduler','0001_initial','2023-12-10 11:00:06.211962');
INSERT INTO "django_migrations" VALUES(22,'django_apscheduler','0002_auto_20180412_0758','2023-12-10 11:00:06.231653');
INSERT INTO "django_migrations" VALUES(23,'django_apscheduler','0003_auto_20200716_1632','2023-12-10 11:00:06.260219');
INSERT INTO "django_migrations" VALUES(24,'django_apscheduler','0004_auto_20200717_1043','2023-12-10 11:00:06.284163');
INSERT INTO "django_migrations" VALUES(25,'django_apscheduler','0005_migrate_name_to_id','2023-12-10 11:00:06.308164');
INSERT INTO "django_migrations" VALUES(26,'django_apscheduler','0006_remove_djangojob_name','2023-12-10 11:00:06.324189');
INSERT INTO "django_migrations" VALUES(27,'django_apscheduler','0007_auto_20200717_1404','2023-12-10 11:00:06.332171');
INSERT INTO "django_migrations" VALUES(28,'django_apscheduler','0008_remove_djangojobexecution_started','2023-12-10 11:00:06.348162');
INSERT INTO "django_migrations" VALUES(29,'django_apscheduler','0009_djangojobexecution_unique_job_executions','2023-12-10 11:00:06.364163');
CREATE UNIQUE INDEX "auth_group_permissions_group_id_permission_id_0cd325b0_uniq" ON "auth_group_permissions" ("group_id", "permission_id");
CREATE INDEX IF NOT EXISTS "auth_group_permissions_group_id_b120cbf9" ON "auth_group_permissions" ("group_id");
CREATE INDEX IF NOT EXISTS "auth_group_permissions_permission_id_84c5c92e" ON "auth_group_permissions" ("permission_id");
CREATE UNIQUE INDEX "auth_user_groups_user_id_group_id_94350c0c_uniq" ON "auth_user_groups" ("user_id", "group_id");
CREATE INDEX IF NOT EXISTS "auth_user_groups_user_id_6a12ed8b" ON "auth_user_groups" ("user_id");
CREATE INDEX IF NOT EXISTS "auth_user_groups_group_id_97559544" ON "auth_user_groups" ("group_id");
CREATE UNIQUE INDEX "auth_user_user_permissions_user_id_permission_id_14a6b632_uniq" ON "auth_user_user_permissions" ("user_id", "permission_id");
CREATE INDEX IF NOT EXISTS "auth_user_user_permissions_user_id_a95ead1b" ON "auth_user_user_permissions" ("user_id");
CREATE INDEX IF NOT EXISTS "auth_user_user_permissions_permission_id_1fbb5f2c" ON "auth_user_user_permissions" ("permission_id");
CREATE INDEX IF NOT EXISTS "django_admin_log_content_type_id_c4bce8eb" ON "django_admin_log" ("content_type_id");
CREATE INDEX IF NOT EXISTS "django_admin_log_user_id_c564eba6" ON "django_admin_log" ("user_id");
CREATE UNIQUE INDEX "django_content_type_app_label_model_76bd3d3b_uniq" ON "django_content_type" ("app_label", "model");
CREATE UNIQUE INDEX "auth_permission_content_type_id_codename_01ab375a_uniq" ON "auth_permission" ("content_type_id", "codename");
CREATE INDEX IF NOT EXISTS "auth_permission_content_type_id_2f476e4b" ON "auth_permission" ("content_type_id");
CREATE INDEX IF NOT EXISTS "django_session_expire_date_a5c62663" ON "django_session" ("expire_date");
CREATE INDEX IF NOT EXISTS "single_session_usersession_user_id_934d203c" ON "single_session_usersession" ("user_id");
CREATE INDEX IF NOT EXISTS "products_inventorygroups_bu_id_b5e0911c" ON "products_inventorygroups" ("bu_id");
CREATE INDEX IF NOT EXISTS "products_orders_customer_mobile_id_d3ceaffb" ON "products_orders" ("customer_mobile_id");
CREATE INDEX IF NOT EXISTS "products_itemsales_customer_mobile_id_b79a4cac" ON "products_itemsales" ("customer_mobile_id");
CREATE INDEX IF NOT EXISTS "products_itemsales_order_id_id_fe8f5471" ON "products_itemsales" ("order_id_id");
CREATE INDEX IF NOT EXISTS "products_inventoryitems_bu_id_7523e12e" ON "products_inventoryitems" ("bu_id");
CREATE INDEX IF NOT EXISTS "products_inventoryitems_group_id_1b9d4831" ON "products_inventoryitems" ("group_id");
CREATE INDEX IF NOT EXISTS "django_apscheduler_djangojob_next_run_time_2f022619" ON "django_apscheduler_djangojob" ("next_run_time");
CREATE INDEX IF NOT EXISTS "django_apscheduler_djangojobexecution_run_time_16edd96b" ON "django_apscheduler_djangojobexecution" ("run_time");
CREATE INDEX IF NOT EXISTS "django_apscheduler_djangojobexecution_job_id_daf5090a" ON "django_apscheduler_djangojobexecution" ("job_id");
CREATE TABLE IF NOT EXISTS "django_session" ("session_key" varchar(40) NOT NULL PRIMARY KEY, "session_data" text NOT NULL, "expire_date" datetime NOT NULL);
INSERT INTO "django_session" VALUES('mzsirrfnmi3bdmxwddxnq9412zc3wpqu','.eJxVjEEOwiAQRe_C2hDsDFhcuvcMZGAYqRpISrsy3l2bdKHb_977LxVoXUpYe57DxOqsjurwu0VKj1w3wHeqt6ZTq8s8Rb0peqddXxvn52V3_w4K9fKtLYJLLg0eJBlIMSNZZGuskAMgzh5YHIxCA57QG4lkR4o2ojCyePX-AOuvOJU:1rAYIz:fn2gKhSNsaZRlbzQIZvu07TNd41LfsvTtjrWRsTMdD4','2023-12-19 16:29:53.276385');
CREATE UNIQUE INDEX "auth_group_permissions_group_id_permission_id_0cd325b0_uniq" ON "auth_group_permissions" ("group_id", "permission_id");
CREATE INDEX IF NOT EXISTS "auth_group_permissions_group_id_b120cbf9" ON "auth_group_permissions" ("group_id");
CREATE INDEX IF NOT EXISTS "auth_group_permissions_permission_id_84c5c92e" ON "auth_group_permissions" ("permission_id");
CREATE UNIQUE INDEX "auth_user_groups_user_id_group_id_94350c0c_uniq" ON "auth_user_groups" ("user_id", "group_id");
CREATE INDEX IF NOT EXISTS "auth_user_groups_user_id_6a12ed8b" ON "auth_user_groups" ("user_id");
CREATE INDEX IF NOT EXISTS "auth_user_groups_group_id_97559544" ON "auth_user_groups" ("group_id");
CREATE UNIQUE INDEX "auth_user_user_permissions_user_id_permission_id_14a6b632_uniq" ON "auth_user_user_permissions" ("user_id", "permission_id");
CREATE INDEX IF NOT EXISTS "auth_user_user_permissions_user_id_a95ead1b" ON "auth_user_user_permissions" ("user_id");
CREATE INDEX IF NOT EXISTS "auth_user_user_permissions_permission_id_1fbb5f2c" ON "auth_user_user_permissions" ("permission_id");
CREATE INDEX IF NOT EXISTS "django_admin_log_content_type_id_c4bce8eb" ON "django_admin_log" ("content_type_id");
CREATE INDEX IF NOT EXISTS "django_admin_log_user_id_c564eba6" ON "django_admin_log" ("user_id");
CREATE UNIQUE INDEX "django_content_type_app_label_model_76bd3d3b_uniq" ON "django_content_type" ("app_label", "model");
CREATE UNIQUE INDEX "auth_permission_content_type_id_codename_01ab375a_uniq" ON "auth_permission" ("content_type_id", "codename");
CREATE INDEX IF NOT EXISTS "auth_permission_content_type_id_2f476e4b" ON "auth_permission" ("content_type_id");
CREATE INDEX IF NOT EXISTS "django_session_expire_date_a5c62663" ON "django_session" ("expire_date");
CREATE INDEX IF NOT EXISTS "single_session_usersession_user_id_934d203c" ON "single_session_usersession" ("user_id");
CREATE INDEX IF NOT EXISTS "products_inventorygroups_bu_id_b5e0911c" ON "products_inventorygroups" ("bu_id");
CREATE INDEX IF NOT EXISTS "products_orders_customer_mobile_id_d3ceaffb" ON "products_orders" ("customer_mobile_id");
CREATE INDEX IF NOT EXISTS "products_itemsales_customer_mobile_id_b79a4cac" ON "products_itemsales" ("customer_mobile_id");
CREATE INDEX IF NOT EXISTS "products_itemsales_order_id_id_fe8f5471" ON "products_itemsales" ("order_id_id");
CREATE INDEX IF NOT EXISTS "products_inventoryitems_bu_id_7523e12e" ON "products_inventoryitems" ("bu_id");
CREATE INDEX IF NOT EXISTS "products_inventoryitems_group_id_1b9d4831" ON "products_inventoryitems" ("group_id");
CREATE INDEX IF NOT EXISTS "django_apscheduler_djangojob_next_run_time_2f022619" ON "django_apscheduler_djangojob" ("next_run_time");
CREATE INDEX IF NOT EXISTS "django_apscheduler_djangojobexecution_run_time_16edd96b" ON "django_apscheduler_djangojobexecution" ("run_time");
CREATE INDEX IF NOT EXISTS "django_apscheduler_djangojobexecution_job_id_daf5090a" ON "django_apscheduler_djangojobexecution" ("job_id");
CREATE TABLE IF NOT EXISTS "products_businessunit" ("name" varchar(200) NOT NULL PRIMARY KEY, "desc" varchar(1000) NOT NULL, "date" datetime NOT NULL);
INSERT INTO "products_businessunit" VALUES('SANKIRTANA-STALL-1','SANKIRTANA-STALL-1','2023-12-03 15:38:29.029423');
INSERT INTO "products_businessunit" VALUES('SANKIRTANA-STALL-2','SANKIRTANA-STALL-2','2023-12-03 15:38:58.611127');
INSERT INTO "products_businessunit" VALUES('ssss','sss','2023-12-03 15:49:34.983214');
CREATE UNIQUE INDEX "auth_group_permissions_group_id_permission_id_0cd325b0_uniq" ON "auth_group_permissions" ("group_id", "permission_id");
CREATE INDEX IF NOT EXISTS "auth_group_permissions_group_id_b120cbf9" ON "auth_group_permissions" ("group_id");
CREATE INDEX IF NOT EXISTS "auth_group_permissions_permission_id_84c5c92e" ON "auth_group_permissions" ("permission_id");
CREATE UNIQUE INDEX "auth_user_groups_user_id_group_id_94350c0c_uniq" ON "auth_user_groups" ("user_id", "group_id");
CREATE INDEX IF NOT EXISTS "auth_user_groups_user_id_6a12ed8b" ON "auth_user_groups" ("user_id");
CREATE INDEX IF NOT EXISTS "auth_user_groups_group_id_97559544" ON "auth_user_groups" ("group_id");
CREATE UNIQUE INDEX "auth_user_user_permissions_user_id_permission_id_14a6b632_uniq" ON "auth_user_user_permissions" ("user_id", "permission_id");
CREATE INDEX IF NOT EXISTS "auth_user_user_permissions_user_id_a95ead1b" ON "auth_user_user_permissions" ("user_id");
CREATE INDEX IF NOT EXISTS "auth_user_user_permissions_permission_id_1fbb5f2c" ON "auth_user_user_permissions" ("permission_id");
CREATE INDEX IF NOT EXISTS "django_admin_log_content_type_id_c4bce8eb" ON "django_admin_log" ("content_type_id");
CREATE INDEX IF NOT EXISTS "django_admin_log_user_id_c564eba6" ON "django_admin_log" ("user_id");
CREATE UNIQUE INDEX "django_content_type_app_label_model_76bd3d3b_uniq" ON "django_content_type" ("app_label", "model");
CREATE UNIQUE INDEX "auth_permission_content_type_id_codename_01ab375a_uniq" ON "auth_permission" ("content_type_id", "codename");
CREATE INDEX IF NOT EXISTS "auth_permission_content_type_id_2f476e4b" ON "auth_permission" ("content_type_id");
CREATE INDEX IF NOT EXISTS "django_session_expire_date_a5c62663" ON "django_session" ("expire_date");
CREATE INDEX IF NOT EXISTS "single_session_usersession_user_id_934d203c" ON "single_session_usersession" ("user_id");
CREATE INDEX IF NOT EXISTS "products_inventorygroups_bu_id_b5e0911c" ON "products_inventorygroups" ("bu_id");
CREATE INDEX IF NOT EXISTS "products_orders_customer_mobile_id_d3ceaffb" ON "products_orders" ("customer_mobile_id");
CREATE INDEX IF NOT EXISTS "products_itemsales_customer_mobile_id_b79a4cac" ON "products_itemsales" ("customer_mobile_id");
CREATE INDEX IF NOT EXISTS "products_itemsales_order_id_id_fe8f5471" ON "products_itemsales" ("order_id_id");
CREATE INDEX IF NOT EXISTS "products_inventoryitems_bu_id_7523e12e" ON "products_inventoryitems" ("bu_id");
CREATE INDEX IF NOT EXISTS "products_inventoryitems_group_id_1b9d4831" ON "products_inventoryitems" ("group_id");
CREATE INDEX IF NOT EXISTS "django_apscheduler_djangojob_next_run_time_2f022619" ON "django_apscheduler_djangojob" ("next_run_time");
CREATE INDEX IF NOT EXISTS "django_apscheduler_djangojobexecution_run_time_16edd96b" ON "django_apscheduler_djangojobexecution" ("run_time");
CREATE INDEX IF NOT EXISTS "django_apscheduler_djangojobexecution_job_id_daf5090a" ON "django_apscheduler_djangojobexecution" ("job_id");
CREATE TABLE IF NOT EXISTS "products_cart" ("item_code" varchar(200) NOT NULL PRIMARY KEY, "name" varchar(500) NOT NULL, "unit" varchar(100) NOT NULL, "order_quantity" integer NOT NULL, "item_price" real NOT NULL, "igst" real NOT NULL, "cgst" real NOT NULL, "sgst" real NOT NULL, "tax" real NOT NULL, "item_net_price" real NOT NULL, "order_price" real NOT NULL, "date" datetime NOT NULL, "exp_date" date NOT NULL, "damage" bool NOT NULL, "item_group" varchar(500) NOT NULL, "bu" varchar(200) NOT NULL);
CREATE UNIQUE INDEX "auth_group_permissions_group_id_permission_id_0cd325b0_uniq" ON "auth_group_permissions" ("group_id", "permission_id");
CREATE INDEX IF NOT EXISTS "auth_group_permissions_group_id_b120cbf9" ON "auth_group_permissions" ("group_id");
CREATE INDEX IF NOT EXISTS "auth_group_permissions_permission_id_84c5c92e" ON "auth_group_permissions" ("permission_id");
CREATE UNIQUE INDEX "auth_user_groups_user_id_group_id_94350c0c_uniq" ON "auth_user_groups" ("user_id", "group_id");
CREATE INDEX IF NOT EXISTS "auth_user_groups_user_id_6a12ed8b" ON "auth_user_groups" ("user_id");
CREATE INDEX IF NOT EXISTS "auth_user_groups_group_id_97559544" ON "auth_user_groups" ("group_id");
CREATE UNIQUE INDEX "auth_user_user_permissions_user_id_permission_id_14a6b632_uniq" ON "auth_user_user_permissions" ("user_id", "permission_id");
CREATE INDEX IF NOT EXISTS "auth_user_user_permissions_user_id_a95ead1b" ON "auth_user_user_permissions" ("user_id");
CREATE INDEX IF NOT EXISTS "auth_user_user_permissions_permission_id_1fbb5f2c" ON "auth_user_user_permissions" ("permission_id");
CREATE INDEX IF NOT EXISTS "django_admin_log_content_type_id_c4bce8eb" ON "django_admin_log" ("content_type_id");
CREATE INDEX IF NOT EXISTS "django_admin_log_user_id_c564eba6" ON "django_admin_log" ("user_id");
CREATE UNIQUE INDEX "django_content_type_app_label_model_76bd3d3b_uniq" ON "django_content_type" ("app_label", "model");
CREATE UNIQUE INDEX "auth_permission_content_type_id_codename_01ab375a_uniq" ON "auth_permission" ("content_type_id", "codename");
CREATE INDEX IF NOT EXISTS "auth_permission_content_type_id_2f476e4b" ON "auth_permission" ("content_type_id");
CREATE INDEX IF NOT EXISTS "django_session_expire_date_a5c62663" ON "django_session" ("expire_date");
CREATE INDEX IF NOT EXISTS "single_session_usersession_user_id_934d203c" ON "single_session_usersession" ("user_id");
CREATE INDEX IF NOT EXISTS "products_inventorygroups_bu_id_b5e0911c" ON "products_inventorygroups" ("bu_id");
CREATE INDEX IF NOT EXISTS "products_orders_customer_mobile_id_d3ceaffb" ON "products_orders" ("customer_mobile_id");
CREATE INDEX IF NOT EXISTS "products_itemsales_customer_mobile_id_b79a4cac" ON "products_itemsales" ("customer_mobile_id");
CREATE INDEX IF NOT EXISTS "products_itemsales_order_id_id_fe8f5471" ON "products_itemsales" ("order_id_id");
CREATE INDEX IF NOT EXISTS "products_inventoryitems_bu_id_7523e12e" ON "products_inventoryitems" ("bu_id");
CREATE INDEX IF NOT EXISTS "products_inventoryitems_group_id_1b9d4831" ON "products_inventoryitems" ("group_id");
CREATE INDEX IF NOT EXISTS "django_apscheduler_djangojob_next_run_time_2f022619" ON "django_apscheduler_djangojob" ("next_run_time");
CREATE INDEX IF NOT EXISTS "django_apscheduler_djangojobexecution_run_time_16edd96b" ON "django_apscheduler_djangojobexecution" ("run_time");
CREATE INDEX IF NOT EXISTS "django_apscheduler_djangojobexecution_job_id_daf5090a" ON "django_apscheduler_djangojobexecution" ("job_id");
CREATE TABLE IF NOT EXISTS "products_customers" ("customer_mobile" varchar(20) NOT NULL PRIMARY KEY, "customer_name" varchar(500) NOT NULL, "customer_mailid" varchar(254) NOT NULL, "customer_address" varchar(1000) NOT NULL);
INSERT INTO "products_customers" VALUES('7890','rty','','');
INSERT INTO "products_customers" VALUES('8907','hjyu','','');
INSERT INTO "products_customers" VALUES('5678','rtyu','','');
CREATE UNIQUE INDEX "auth_group_permissions_group_id_permission_id_0cd325b0_uniq" ON "auth_group_permissions" ("group_id", "permission_id");
CREATE INDEX IF NOT EXISTS "auth_group_permissions_group_id_b120cbf9" ON "auth_group_permissions" ("group_id");
CREATE INDEX IF NOT EXISTS "auth_group_permissions_permission_id_84c5c92e" ON "auth_group_permissions" ("permission_id");
CREATE UNIQUE INDEX "auth_user_groups_user_id_group_id_94350c0c_uniq" ON "auth_user_groups" ("user_id", "group_id");
CREATE INDEX IF NOT EXISTS "auth_user_groups_user_id_6a12ed8b" ON "auth_user_groups" ("user_id");
CREATE INDEX IF NOT EXISTS "auth_user_groups_group_id_97559544" ON "auth_user_groups" ("group_id");
CREATE UNIQUE INDEX "auth_user_user_permissions_user_id_permission_id_14a6b632_uniq" ON "auth_user_user_permissions" ("user_id", "permission_id");
CREATE INDEX IF NOT EXISTS "auth_user_user_permissions_user_id_a95ead1b" ON "auth_user_user_permissions" ("user_id");
CREATE INDEX IF NOT EXISTS "auth_user_user_permissions_permission_id_1fbb5f2c" ON "auth_user_user_permissions" ("permission_id");
CREATE INDEX IF NOT EXISTS "django_admin_log_content_type_id_c4bce8eb" ON "django_admin_log" ("content_type_id");
CREATE INDEX IF NOT EXISTS "django_admin_log_user_id_c564eba6" ON "django_admin_log" ("user_id");
CREATE UNIQUE INDEX "django_content_type_app_label_model_76bd3d3b_uniq" ON "django_content_type" ("app_label", "model");
CREATE UNIQUE INDEX "auth_permission_content_type_id_codename_01ab375a_uniq" ON "auth_permission" ("content_type_id", "codename");
CREATE INDEX IF NOT EXISTS "auth_permission_content_type_id_2f476e4b" ON "auth_permission" ("content_type_id");
CREATE INDEX IF NOT EXISTS "django_session_expire_date_a5c62663" ON "django_session" ("expire_date");
CREATE INDEX IF NOT EXISTS "single_session_usersession_user_id_934d203c" ON "single_session_usersession" ("user_id");
CREATE INDEX IF NOT EXISTS "products_inventorygroups_bu_id_b5e0911c" ON "products_inventorygroups" ("bu_id");
CREATE INDEX IF NOT EXISTS "products_orders_customer_mobile_id_d3ceaffb" ON "products_orders" ("customer_mobile_id");
CREATE INDEX IF NOT EXISTS "products_itemsales_customer_mobile_id_b79a4cac" ON "products_itemsales" ("customer_mobile_id");
CREATE INDEX IF NOT EXISTS "products_itemsales_order_id_id_fe8f5471" ON "products_itemsales" ("order_id_id");
CREATE INDEX IF NOT EXISTS "products_inventoryitems_bu_id_7523e12e" ON "products_inventoryitems" ("bu_id");
CREATE INDEX IF NOT EXISTS "products_inventoryitems_group_id_1b9d4831" ON "products_inventoryitems" ("group_id");
CREATE INDEX IF NOT EXISTS "django_apscheduler_djangojob_next_run_time_2f022619" ON "django_apscheduler_djangojob" ("next_run_time");
CREATE INDEX IF NOT EXISTS "django_apscheduler_djangojobexecution_run_time_16edd96b" ON "django_apscheduler_djangojobexecution" ("run_time");
CREATE INDEX IF NOT EXISTS "django_apscheduler_djangojobexecution_job_id_daf5090a" ON "django_apscheduler_djangojobexecution" ("job_id");
CREATE TABLE IF NOT EXISTS "products_inventorygroups" ("name" varchar(200) NOT NULL PRIMARY KEY, "desc" varchar(1000) NOT NULL, "date" datetime NOT NULL, "bu_id" varchar(200) NULL REFERENCES "products_businessunit" ("name") DEFERRABLE INITIALLY DEFERRED);
INSERT INTO "products_inventorygroups" VALUES('BOOKS JAN 2023 OPP BALANCE1','BOOKS JAN 2023 OPP BALANCE1','2023-12-03 15:39:44.511853','SANKIRTANA-STALL-2');
INSERT INTO "products_inventorygroups" VALUES('BOOKS JAN 2023 OPP BALANCE','BOOKS JAN 2023 OPP BALANCE','2023-12-03 15:40:38.791077','SANKIRTANA-STALL-1');
CREATE UNIQUE INDEX "auth_group_permissions_group_id_permission_id_0cd325b0_uniq" ON "auth_group_permissions" ("group_id", "permission_id");
CREATE INDEX IF NOT EXISTS "auth_group_permissions_group_id_b120cbf9" ON "auth_group_permissions" ("group_id");
CREATE INDEX IF NOT EXISTS "auth_group_permissions_permission_id_84c5c92e" ON "auth_group_permissions" ("permission_id");
CREATE UNIQUE INDEX "auth_user_groups_user_id_group_id_94350c0c_uniq" ON "auth_user_groups" ("user_id", "group_id");
CREATE INDEX IF NOT EXISTS "auth_user_groups_user_id_6a12ed8b" ON "auth_user_groups" ("user_id");
CREATE INDEX IF NOT EXISTS "auth_user_groups_group_id_97559544" ON "auth_user_groups" ("group_id");
CREATE UNIQUE INDEX "auth_user_user_permissions_user_id_permission_id_14a6b632_uniq" ON "auth_user_user_permissions" ("user_id", "permission_id");
CREATE INDEX IF NOT EXISTS "auth_user_user_permissions_user_id_a95ead1b" ON "auth_user_user_permissions" ("user_id");
CREATE INDEX IF NOT EXISTS "auth_user_user_permissions_permission_id_1fbb5f2c" ON "auth_user_user_permissions" ("permission_id");
CREATE INDEX IF NOT EXISTS "django_admin_log_content_type_id_c4bce8eb" ON "django_admin_log" ("content_type_id");
CREATE INDEX IF NOT EXISTS "django_admin_log_user_id_c564eba6" ON "django_admin_log" ("user_id");
CREATE UNIQUE INDEX "django_content_type_app_label_model_76bd3d3b_uniq" ON "django_content_type" ("app_label", "model");
CREATE UNIQUE INDEX "auth_permission_content_type_id_codename_01ab375a_uniq" ON "auth_permission" ("content_type_id", "codename");
CREATE INDEX IF NOT EXISTS "auth_permission_content_type_id_2f476e4b" ON "auth_permission" ("content_type_id");
CREATE INDEX IF NOT EXISTS "django_session_expire_date_a5c62663" ON "django_session" ("expire_date");
CREATE INDEX IF NOT EXISTS "single_session_usersession_user_id_934d203c" ON "single_session_usersession" ("user_id");
CREATE INDEX IF NOT EXISTS "products_inventorygroups_bu_id_b5e0911c" ON "products_inventorygroups" ("bu_id");
CREATE INDEX IF NOT EXISTS "products_orders_customer_mobile_id_d3ceaffb" ON "products_orders" ("customer_mobile_id");
CREATE INDEX IF NOT EXISTS "products_itemsales_customer_mobile_id_b79a4cac" ON "products_itemsales" ("customer_mobile_id");
CREATE INDEX IF NOT EXISTS "products_itemsales_order_id_id_fe8f5471" ON "products_itemsales" ("order_id_id");
CREATE INDEX IF NOT EXISTS "products_inventoryitems_bu_id_7523e12e" ON "products_inventoryitems" ("bu_id");
CREATE INDEX IF NOT EXISTS "products_inventoryitems_group_id_1b9d4831" ON "products_inventoryitems" ("group_id");
CREATE INDEX IF NOT EXISTS "django_apscheduler_djangojob_next_run_time_2f022619" ON "django_apscheduler_djangojob" ("next_run_time");
CREATE INDEX IF NOT EXISTS "django_apscheduler_djangojobexecution_run_time_16edd96b" ON "django_apscheduler_djangojobexecution" ("run_time");
CREATE INDEX IF NOT EXISTS "django_apscheduler_djangojobexecution_job_id_daf5090a" ON "django_apscheduler_djangojobexecution" ("job_id");
CREATE TABLE IF NOT EXISTS "products_inventoryitems" ("item_code" varchar(200) NOT NULL PRIMARY KEY, "name" varchar(500) NOT NULL, "unit" varchar(100) NOT NULL, "available_quantity" integer NOT NULL, "price" real NOT NULL, "igst" real NOT NULL, "cgst" real NOT NULL, "sgst" real NOT NULL, "date" datetime NOT NULL, "exp_date" date NOT NULL, "damage" bool NOT NULL, "bu_id" varchar(200) NULL REFERENCES "products_businessunit" ("name") DEFERRABLE INITIALLY DEFERRED, "group_id" varchar(200) NULL REFERENCES "products_inventorygroups" ("name") DEFERRABLE INITIALLY DEFERRED);
INSERT INTO "products_inventoryitems" VALUES('88H-0000UB-0TW','Govinda234','',1000,100.0,3.0,2.0,1.0,'2023-12-03 15:39:54.615377','1111-11-11',0,'SANKIRTANA-STALL-2','BOOKS JAN 2023 OPP BALANCE1');
INSERT INTO "products_inventoryitems" VALUES('88H-0000UB-0TV','Govinda','',984,100.0,4.0,2.0,1.0,'2023-12-03 15:39:54.615377','1111-11-11',0,'SANKIRTANA-STALL-2','BOOKS JAN 2023 OPP BALANCE1');
INSERT INTO "products_inventoryitems" VALUES('88H-0000UB-0TU','Govinda123','',1000,100.0,5.0,2.0,1.0,'2023-12-03 15:39:54.615377','1111-11-11',0,'SANKIRTANA-STALL-2','BOOKS JAN 2023 OPP BALANCE1');
INSERT INTO "products_inventoryitems" VALUES('SSTBOK0001','Bhagavad Gita as it is (Telugu)','',5950,260.0,2.0,2.0,3.0,'2023-12-03 15:40:48.125403','1111-11-11',0,'SANKIRTANA-STALL-1','BOOKS JAN 2023 OPP BALANCE');
INSERT INTO "products_inventoryitems" VALUES('SSTBOK0002','Bhagavad Gita as it is (English)','',12,300.0,1.0,2.0,3.0,'2023-12-03 15:40:48.125403','1111-11-11',0,'SANKIRTANA-STALL-1','BOOKS JAN 2023 OPP BALANCE');
INSERT INTO "products_inventoryitems" VALUES('SSTBOK0003','Bhagavad Gita as it is (Hndi)','',1,240.0,1.0,2.0,3.0,'2023-12-03 15:40:48.125403','1111-11-11',0,'SANKIRTANA-STALL-1','BOOKS JAN 2023 OPP BALANCE');
INSERT INTO "products_inventoryitems" VALUES('SSTBOK0004','Bhagavad Gita as it is (ORIYA)','',1,260.0,1.0,2.0,3.0,'2023-12-03 15:40:48.125403','1111-11-11',0,'SANKIRTANA-STALL-1','BOOKS JAN 2023 OPP BALANCE');
INSERT INTO "products_inventoryitems" VALUES('SSTBOK0005','Bhagavad Gita as it is (Telugu) -Pocket size','',252,180.0,1.0,2.0,3.0,'2023-12-03 15:40:48.125403','1111-11-11',0,'SANKIRTANA-STALL-1','BOOKS JAN 2023 OPP BALANCE');
INSERT INTO "products_inventoryitems" VALUES('SSTBOK0006','Bhagavad Gita as it is (ENGLISH) -Pocket size','',0,180.0,1.0,2.0,3.0,'2023-12-03 15:40:48.125403','1111-11-11',0,'SANKIRTANA-STALL-1','BOOKS JAN 2023 OPP BALANCE');
INSERT INTO "products_inventoryitems" VALUES('SSTBOK0007','Krishna   Telugu','',13,230.0,1.0,2.0,3.0,'2023-12-03 15:40:48.125403','1111-11-11',0,'SANKIRTANA-STALL-1','BOOKS JAN 2023 OPP BALANCE');
INSERT INTO "products_inventoryitems" VALUES('SSTBOK0008','krishna   English','',5,350.0,1.0,2.0,3.0,'2023-12-03 15:40:48.125403','1111-11-11',0,'SANKIRTANA-STALL-1','BOOKS JAN 2023 OPP BALANCE');
INSERT INTO "products_inventoryitems" VALUES('SSTBOK0009','Krishna   Hindi','',2,300.0,1.0,2.0,3.0,'2023-12-03 15:40:48.125403','1111-11-11',0,'SANKIRTANA-STALL-1','BOOKS JAN 2023 OPP BALANCE');
INSERT INTO "products_inventoryitems" VALUES('SSTBOK0010','krishna    Oriya','',0,200.0,1.0,2.0,3.0,'2023-12-03 15:40:48.125403','1111-11-11',0,'SANKIRTANA-STALL-1','BOOKS JAN 2023 OPP BALANCE');
INSERT INTO "products_inventoryitems" VALUES('SSTBOK0011','Bhagavatam set (Telugu)','',28,7500.0,1.0,2.0,3.0,'2023-12-03 15:40:48.125403','1111-11-11',0,'SANKIRTANA-STALL-1','BOOKS JAN 2023 OPP BALANCE');
INSERT INTO "products_inventoryitems" VALUES('SSTBOK0012','Chaitanya charitamrita (1set -9 books)-Telugu','',4,3500.0,1.0,2.0,3.0,'2023-12-03 15:40:48.125403','1111-11-11',0,'SANKIRTANA-STALL-1','BOOKS JAN 2023 OPP BALANCE');
INSERT INTO "products_inventoryitems" VALUES('SSTBOK0013','Krishna (Supreme Personlity of God Head) book- Telugu','',104,250.0,1.0,2.0,3.0,'2023-12-03 15:40:48.125403','1111-11-11',0,'SANKIRTANA-STALL-1','BOOKS JAN 2023 OPP BALANCE');
CREATE UNIQUE INDEX "auth_group_permissions_group_id_permission_id_0cd325b0_uniq" ON "auth_group_permissions" ("group_id", "permission_id");
CREATE INDEX IF NOT EXISTS "auth_group_permissions_group_id_b120cbf9" ON "auth_group_permissions" ("group_id");
CREATE INDEX IF NOT EXISTS "auth_group_permissions_permission_id_84c5c92e" ON "auth_group_permissions" ("permission_id");
CREATE UNIQUE INDEX "auth_user_groups_user_id_group_id_94350c0c_uniq" ON "auth_user_groups" ("user_id", "group_id");
CREATE INDEX IF NOT EXISTS "auth_user_groups_user_id_6a12ed8b" ON "auth_user_groups" ("user_id");
CREATE INDEX IF NOT EXISTS "auth_user_groups_group_id_97559544" ON "auth_user_groups" ("group_id");
CREATE UNIQUE INDEX "auth_user_user_permissions_user_id_permission_id_14a6b632_uniq" ON "auth_user_user_permissions" ("user_id", "permission_id");
CREATE INDEX IF NOT EXISTS "auth_user_user_permissions_user_id_a95ead1b" ON "auth_user_user_permissions" ("user_id");
CREATE INDEX IF NOT EXISTS "auth_user_user_permissions_permission_id_1fbb5f2c" ON "auth_user_user_permissions" ("permission_id");
CREATE INDEX IF NOT EXISTS "django_admin_log_content_type_id_c4bce8eb" ON "django_admin_log" ("content_type_id");
CREATE INDEX IF NOT EXISTS "django_admin_log_user_id_c564eba6" ON "django_admin_log" ("user_id");
CREATE UNIQUE INDEX "django_content_type_app_label_model_76bd3d3b_uniq" ON "django_content_type" ("app_label", "model");
CREATE UNIQUE INDEX "auth_permission_content_type_id_codename_01ab375a_uniq" ON "auth_permission" ("content_type_id", "codename");
CREATE INDEX IF NOT EXISTS "auth_permission_content_type_id_2f476e4b" ON "auth_permission" ("content_type_id");
CREATE INDEX IF NOT EXISTS "django_session_expire_date_a5c62663" ON "django_session" ("expire_date");
CREATE INDEX IF NOT EXISTS "single_session_usersession_user_id_934d203c" ON "single_session_usersession" ("user_id");
CREATE INDEX IF NOT EXISTS "products_inventorygroups_bu_id_b5e0911c" ON "products_inventorygroups" ("bu_id");
CREATE INDEX IF NOT EXISTS "products_orders_customer_mobile_id_d3ceaffb" ON "products_orders" ("customer_mobile_id");
CREATE INDEX IF NOT EXISTS "products_itemsales_customer_mobile_id_b79a4cac" ON "products_itemsales" ("customer_mobile_id");
CREATE INDEX IF NOT EXISTS "products_itemsales_order_id_id_fe8f5471" ON "products_itemsales" ("order_id_id");
CREATE INDEX IF NOT EXISTS "products_inventoryitems_bu_id_7523e12e" ON "products_inventoryitems" ("bu_id");
CREATE INDEX IF NOT EXISTS "products_inventoryitems_group_id_1b9d4831" ON "products_inventoryitems" ("group_id");
CREATE INDEX IF NOT EXISTS "django_apscheduler_djangojob_next_run_time_2f022619" ON "django_apscheduler_djangojob" ("next_run_time");
CREATE INDEX IF NOT EXISTS "django_apscheduler_djangojobexecution_run_time_16edd96b" ON "django_apscheduler_djangojobexecution" ("run_time");
CREATE INDEX IF NOT EXISTS "django_apscheduler_djangojobexecution_job_id_daf5090a" ON "django_apscheduler_djangojobexecution" ("job_id");
CREATE TABLE IF NOT EXISTS "products_itemsales" ("id" integer NOT NULL PRIMARY KEY AUTOINCREMENT, "item_code" varchar(200) NOT NULL, "item_name" varchar(500) NOT NULL, "unit" varchar(100) NOT NULL, "bu" varchar(200) NOT NULL, "group" varchar(200) NOT NULL, "order_quantity" integer NOT NULL, "item_price" real NOT NULL, "igst" real NOT NULL, "cgst" real NOT NULL, "sgst" real NOT NULL, "tax" real NOT NULL, "item_net_price" real NOT NULL, "order_price" real NOT NULL, "damage" bool NOT NULL, "customer_mobile_id" varchar(20) NOT NULL REFERENCES "products_customers" ("customer_mobile") DEFERRABLE INITIALLY DEFERRED, "order_id_id" varchar(50) NOT NULL REFERENCES "products_orders" ("order_id") DEFERRABLE INITIALLY DEFERRED);
INSERT INTO "products_itemsales" VALUES(1,'88H-0000UB-0TV','Govinda','','SANKIRTANA-STALL-2','BOOKS JAN 2023 OPP BALANCE1',2,100.0,4.0,2.0,1.0,7.0,107.0,214.0,0,'7890','ISKCONGNT7kd84r9ufp0qa0t02eiy');
INSERT INTO "products_itemsales" VALUES(2,'88H-0000UB-0TV','Govinda','','SANKIRTANA-STALL-2','BOOKS JAN 2023 OPP BALANCE1',3,100.0,4.0,2.0,1.0,7.0,107.0,321.0,0,'8907','ISKCONGNTs46zha1ymxmlhbbcojfv');
INSERT INTO "products_itemsales" VALUES(3,'88H-0000UB-0TV','Govinda','','SANKIRTANA-STALL-2','BOOKS JAN 2023 OPP BALANCE1',2,100.0,4.0,2.0,1.0,7.0,107.0,214.0,0,'5678','ISKCONGNTwiugjcu27nctih21nnvf');
CREATE UNIQUE INDEX "auth_group_permissions_group_id_permission_id_0cd325b0_uniq" ON "auth_group_permissions" ("group_id", "permission_id");
CREATE INDEX IF NOT EXISTS "auth_group_permissions_group_id_b120cbf9" ON "auth_group_permissions" ("group_id");
CREATE INDEX IF NOT EXISTS "auth_group_permissions_permission_id_84c5c92e" ON "auth_group_permissions" ("permission_id");
CREATE UNIQUE INDEX "auth_user_groups_user_id_group_id_94350c0c_uniq" ON "auth_user_groups" ("user_id", "group_id");
CREATE INDEX IF NOT EXISTS "auth_user_groups_user_id_6a12ed8b" ON "auth_user_groups" ("user_id");
CREATE INDEX IF NOT EXISTS "auth_user_groups_group_id_97559544" ON "auth_user_groups" ("group_id");
CREATE UNIQUE INDEX "auth_user_user_permissions_user_id_permission_id_14a6b632_uniq" ON "auth_user_user_permissions" ("user_id", "permission_id");
CREATE INDEX IF NOT EXISTS "auth_user_user_permissions_user_id_a95ead1b" ON "auth_user_user_permissions" ("user_id");
CREATE INDEX IF NOT EXISTS "auth_user_user_permissions_permission_id_1fbb5f2c" ON "auth_user_user_permissions" ("permission_id");
CREATE INDEX IF NOT EXISTS "django_admin_log_content_type_id_c4bce8eb" ON "django_admin_log" ("content_type_id");
CREATE INDEX IF NOT EXISTS "django_admin_log_user_id_c564eba6" ON "django_admin_log" ("user_id");
CREATE UNIQUE INDEX "django_content_type_app_label_model_76bd3d3b_uniq" ON "django_content_type" ("app_label", "model");
CREATE UNIQUE INDEX "auth_permission_content_type_id_codename_01ab375a_uniq" ON "auth_permission" ("content_type_id", "codename");
CREATE INDEX IF NOT EXISTS "auth_permission_content_type_id_2f476e4b" ON "auth_permission" ("content_type_id");
CREATE INDEX IF NOT EXISTS "django_session_expire_date_a5c62663" ON "django_session" ("expire_date");
CREATE INDEX IF NOT EXISTS "single_session_usersession_user_id_934d203c" ON "single_session_usersession" ("user_id");
CREATE INDEX IF NOT EXISTS "products_inventorygroups_bu_id_b5e0911c" ON "products_inventorygroups" ("bu_id");
CREATE INDEX IF NOT EXISTS "products_orders_customer_mobile_id_d3ceaffb" ON "products_orders" ("customer_mobile_id");
CREATE INDEX IF NOT EXISTS "products_itemsales_customer_mobile_id_b79a4cac" ON "products_itemsales" ("customer_mobile_id");
CREATE INDEX IF NOT EXISTS "products_itemsales_order_id_id_fe8f5471" ON "products_itemsales" ("order_id_id");
CREATE INDEX IF NOT EXISTS "products_inventoryitems_bu_id_7523e12e" ON "products_inventoryitems" ("bu_id");
CREATE INDEX IF NOT EXISTS "products_inventoryitems_group_id_1b9d4831" ON "products_inventoryitems" ("group_id");
CREATE INDEX IF NOT EXISTS "django_apscheduler_djangojob_next_run_time_2f022619" ON "django_apscheduler_djangojob" ("next_run_time");
CREATE INDEX IF NOT EXISTS "django_apscheduler_djangojobexecution_run_time_16edd96b" ON "django_apscheduler_djangojobexecution" ("run_time");
CREATE INDEX IF NOT EXISTS "django_apscheduler_djangojobexecution_job_id_daf5090a" ON "django_apscheduler_djangojobexecution" ("job_id");
CREATE TABLE IF NOT EXISTS "products_orders" ("order_id" varchar(50) NOT NULL PRIMARY KEY, "order_status" varchar(20) NOT NULL, "order_date" datetime NOT NULL, "item_price" real NOT NULL, "tax" real NOT NULL, "order_total" real NOT NULL, "cash" real NOT NULL, "online" real NOT NULL, "transaction_id" varchar(100) NOT NULL, "gift" bool NOT NULL, "damage" bool NOT NULL, "customer_mobile_id" varchar(20) NOT NULL REFERENCES "products_customers" ("customer_mobile") DEFERRABLE INITIALLY DEFERRED);
INSERT INTO "products_orders" VALUES('ISKCONGNT7kd84r9ufp0qa0t02eiy','Success','2023-12-05 16:54:53.747176',200.0,14.0,214.0,0.0,0.0,'',1,0,'7890');
INSERT INTO "products_orders" VALUES('ISKCONGNTs46zha1ymxmlhbbcojfv','Success','2023-12-06 10:45:14.531787',300.0,21.0,321.0,0.0,0.0,'',0,1,'8907');
INSERT INTO "products_orders" VALUES('ISKCONGNTwiugjcu27nctih21nnvf','Success','2023-12-08 16:25:20.164142',200.0,14.0,214.0,0.0,0.0,'',1,0,'5678');
CREATE UNIQUE INDEX "auth_group_permissions_group_id_permission_id_0cd325b0_uniq" ON "auth_group_permissions" ("group_id", "permission_id");
CREATE INDEX IF NOT EXISTS "auth_group_permissions_group_id_b120cbf9" ON "auth_group_permissions" ("group_id");
CREATE INDEX IF NOT EXISTS "auth_group_permissions_permission_id_84c5c92e" ON "auth_group_permissions" ("permission_id");
CREATE UNIQUE INDEX "auth_user_groups_user_id_group_id_94350c0c_uniq" ON "auth_user_groups" ("user_id", "group_id");
CREATE INDEX IF NOT EXISTS "auth_user_groups_user_id_6a12ed8b" ON "auth_user_groups" ("user_id");
CREATE INDEX IF NOT EXISTS "auth_user_groups_group_id_97559544" ON "auth_user_groups" ("group_id");
CREATE UNIQUE INDEX "auth_user_user_permissions_user_id_permission_id_14a6b632_uniq" ON "auth_user_user_permissions" ("user_id", "permission_id");
CREATE INDEX IF NOT EXISTS "auth_user_user_permissions_user_id_a95ead1b" ON "auth_user_user_permissions" ("user_id");
CREATE INDEX IF NOT EXISTS "auth_user_user_permissions_permission_id_1fbb5f2c" ON "auth_user_user_permissions" ("permission_id");
CREATE INDEX IF NOT EXISTS "django_admin_log_content_type_id_c4bce8eb" ON "django_admin_log" ("content_type_id");
CREATE INDEX IF NOT EXISTS "django_admin_log_user_id_c564eba6" ON "django_admin_log" ("user_id");
CREATE UNIQUE INDEX "django_content_type_app_label_model_76bd3d3b_uniq" ON "django_content_type" ("app_label", "model");
CREATE UNIQUE INDEX "auth_permission_content_type_id_codename_01ab375a_uniq" ON "auth_permission" ("content_type_id", "codename");
CREATE INDEX IF NOT EXISTS "auth_permission_content_type_id_2f476e4b" ON "auth_permission" ("content_type_id");
CREATE INDEX IF NOT EXISTS "django_session_expire_date_a5c62663" ON "django_session" ("expire_date");
CREATE INDEX IF NOT EXISTS "single_session_usersession_user_id_934d203c" ON "single_session_usersession" ("user_id");
CREATE INDEX IF NOT EXISTS "products_inventorygroups_bu_id_b5e0911c" ON "products_inventorygroups" ("bu_id");
CREATE INDEX IF NOT EXISTS "products_orders_customer_mobile_id_d3ceaffb" ON "products_orders" ("customer_mobile_id");
CREATE INDEX IF NOT EXISTS "products_itemsales_customer_mobile_id_b79a4cac" ON "products_itemsales" ("customer_mobile_id");
CREATE INDEX IF NOT EXISTS "products_itemsales_order_id_id_fe8f5471" ON "products_itemsales" ("order_id_id");
CREATE INDEX IF NOT EXISTS "products_inventoryitems_bu_id_7523e12e" ON "products_inventoryitems" ("bu_id");
CREATE INDEX IF NOT EXISTS "products_inventoryitems_group_id_1b9d4831" ON "products_inventoryitems" ("group_id");
CREATE INDEX IF NOT EXISTS "django_apscheduler_djangojob_next_run_time_2f022619" ON "django_apscheduler_djangojob" ("next_run_time");
CREATE INDEX IF NOT EXISTS "django_apscheduler_djangojobexecution_run_time_16edd96b" ON "django_apscheduler_djangojobexecution" ("run_time");
CREATE INDEX IF NOT EXISTS "django_apscheduler_djangojobexecution_job_id_daf5090a" ON "django_apscheduler_djangojobexecution" ("job_id");
CREATE TABLE IF NOT EXISTS "single_session_usersession" ("session_id" varchar(40) NOT NULL PRIMARY KEY REFERENCES "django_session" ("session_key") DEFERRABLE INITIALLY DEFERRED, "user_id" integer NOT NULL REFERENCES "auth_user" ("id") DEFERRABLE INITIALLY DEFERRED);
INSERT INTO "single_session_usersession" VALUES('mzsirrfnmi3bdmxwddxnq9412zc3wpqu',1);
CREATE UNIQUE INDEX "auth_group_permissions_group_id_permission_id_0cd325b0_uniq" ON "auth_group_permissions" ("group_id", "permission_id");
CREATE INDEX IF NOT EXISTS "auth_group_permissions_group_id_b120cbf9" ON "auth_group_permissions" ("group_id");
CREATE INDEX IF NOT EXISTS "auth_group_permissions_permission_id_84c5c92e" ON "auth_group_permissions" ("permission_id");
CREATE UNIQUE INDEX "auth_user_groups_user_id_group_id_94350c0c_uniq" ON "auth_user_groups" ("user_id", "group_id");
CREATE INDEX IF NOT EXISTS "auth_user_groups_user_id_6a12ed8b" ON "auth_user_groups" ("user_id");
CREATE INDEX IF NOT EXISTS "auth_user_groups_group_id_97559544" ON "auth_user_groups" ("group_id");
CREATE UNIQUE INDEX "auth_user_user_permissions_user_id_permission_id_14a6b632_uniq" ON "auth_user_user_permissions" ("user_id", "permission_id");
CREATE INDEX IF NOT EXISTS "auth_user_user_permissions_user_id_a95ead1b" ON "auth_user_user_permissions" ("user_id");
CREATE INDEX IF NOT EXISTS "auth_user_user_permissions_permission_id_1fbb5f2c" ON "auth_user_user_permissions" ("permission_id");
CREATE INDEX IF NOT EXISTS "django_admin_log_content_type_id_c4bce8eb" ON "django_admin_log" ("content_type_id");
CREATE INDEX IF NOT EXISTS "django_admin_log_user_id_c564eba6" ON "django_admin_log" ("user_id");
CREATE UNIQUE INDEX "django_content_type_app_label_model_76bd3d3b_uniq" ON "django_content_type" ("app_label", "model");
CREATE UNIQUE INDEX "auth_permission_content_type_id_codename_01ab375a_uniq" ON "auth_permission" ("content_type_id", "codename");
CREATE INDEX IF NOT EXISTS "auth_permission_content_type_id_2f476e4b" ON "auth_permission" ("content_type_id");
CREATE INDEX IF NOT EXISTS "django_session_expire_date_a5c62663" ON "django_session" ("expire_date");
CREATE INDEX IF NOT EXISTS "single_session_usersession_user_id_934d203c" ON "single_session_usersession" ("user_id");
CREATE INDEX IF NOT EXISTS "products_inventorygroups_bu_id_b5e0911c" ON "products_inventorygroups" ("bu_id");
CREATE INDEX IF NOT EXISTS "products_orders_customer_mobile_id_d3ceaffb" ON "products_orders" ("customer_mobile_id");
CREATE INDEX IF NOT EXISTS "products_itemsales_customer_mobile_id_b79a4cac" ON "products_itemsales" ("customer_mobile_id");
CREATE INDEX IF NOT EXISTS "products_itemsales_order_id_id_fe8f5471" ON "products_itemsales" ("order_id_id");
CREATE INDEX IF NOT EXISTS "products_inventoryitems_bu_id_7523e12e" ON "products_inventoryitems" ("bu_id");
CREATE INDEX IF NOT EXISTS "products_inventoryitems_group_id_1b9d4831" ON "products_inventoryitems" ("group_id");
CREATE INDEX IF NOT EXISTS "django_apscheduler_djangojob_next_run_time_2f022619" ON "django_apscheduler_djangojob" ("next_run_time");
CREATE INDEX IF NOT EXISTS "django_apscheduler_djangojobexecution_run_time_16edd96b" ON "django_apscheduler_djangojobexecution" ("run_time");
CREATE INDEX IF NOT EXISTS "django_apscheduler_djangojobexecution_job_id_daf5090a" ON "django_apscheduler_djangojobexecution" ("job_id");
